Name,Website,Niche
support-a,https://justuseapp.com/en/app/1438092960/fitness-coach-diet-fitcoach/contact,fitness coach
bellathebuilder,https://linktr.ee/bellathebuilder_,personal trainer
boosters-social-share,https://www.fitbudd.com/free-ai-tools-for-fitness-coaches/fitness-challenge-ideas-generator,personal trainer
user,https://thebodyliberation.squarespace.com/,personal trainer
splitsections,https://salineperformance.squarespace.com/,personal trainer
benutzer,https://urbanwidgets.squarespace.com/classes,personal trainer
calumn,https://linktr.ee/cdfitnesscoaching,weight loss coach
asxvmprobertest,https://support.google.com/chrome/answer/95346?hl=en&co=GENIE.Platform%3DDesktop,fitness coach
viniciuscaamposs_personal,https://www.instagram.com/viniciuscaamposs_personal/,personal trainer
seo,https://www.instagram.com/seo/,fitness coach
jamiebarnes_personaltrainer,https://www.instagram.com/jamiebarnes_personaltrainer/,personal trainer
yaspersonaltrainer,https://www.instagram.com/yaspersonaltrainer/,personal trainer
personaltrainer.bianca,https://www.instagram.com/personaltrainer.bianca/,personal trainer
thaisbrito.personal,https://www.instagram.com/thaisbrito.personal/,personal trainer
mayconcavallinipersonal_,https://www.instagram.com/mayconcavallinipersonal_/,personal trainer
josiana.personaltrainer,https://www.instagram.com/josiana.personaltrainer/,personal trainer
personaltrainertheband,https://www.instagram.com/personaltrainertheband/,personal trainer
personaltrainertheband,https://www.instagram.com/personaltrainertheband/,personal trainer
_marilarunapersonal,https://www.instagram.com/_marilarunapersonal/,personal trainer
murilloramonl,https://www.instagram.com/murilloramonl/,personal trainer
_movewithciara,https://www.instagram.com/_movewithciara/,personal trainer
gperk_fit,https://www.instagram.com/gperk_fit/,personal trainer
sakura_personaltrainer,https://www.instagram.com/sakura_personaltrainer/,personal trainer
samaraquino_personal,https://www.instagram.com/samaraquino_personal/,personal trainer
eduarda_krauspenhar_personal,https://www.instagram.com/eduarda_krauspenhar_personal/,personal trainer
coachmollyfitness,https://www.instagram.com/coachmollyfitness/,personal trainer
team.maatheus_personal,https://www.instagram.com/team.maatheus_personal/,personal trainer
iarleygpersonaltrainer,https://www.instagram.com/iarleygpersonaltrainer/,personal trainer
davidias_personal,https://www.instagram.com/davidias_personal/,personal trainer
kfitnesslb,https://www.instagram.com/kfitnesslb/,personal trainer
flaviosoares.personaltrainer,https://www.instagram.com/flaviosoares.personaltrainer/,personal trainer
_cod3_blue,https://www.instagram.com/_cod3_blue/,personal trainer
lbpersonal_trainer,https://www.instagram.com/lbpersonal_trainer/,personal trainer
personalotaviolenzi,https://www.instagram.com/personalotaviolenzi/,personal trainer
prof.kelianesantos,https://www.instagram.com/prof.kelianesantos/,personal trainer
igorlimapersonal_,https://www.instagram.com/igorlimapersonal_/,personal trainer
juliaandrezzapersonal_,https://www.instagram.com/juliaandrezzapersonal_/,personal trainer
tiagoguimaraesfitness,https://www.instagram.com/tiagoguimaraesfitness/,personal trainer
jbperformanceenhancement,https://www.instagram.com/jbperformanceenhancement/,personal trainer
filipemoraistreinador,https://www.instagram.com/filipemoraistreinador/,personal trainer
personal.trainer.caba,https://www.instagram.com/personal.trainer.caba/,personal trainer
roberta.personaltrainer,https://www.instagram.com/roberta.personaltrainer/,personal trainer
trainerjoefitness,https://www.instagram.com/trainerjoefitness/,personal trainer
personaltrainerwanita,https://www.instagram.com/personaltrainerwanita/,personal trainer
jorge_bfitness,https://www.instagram.com/jorge_bfitness/,fitness coach
lovelucyfit_,https://www.instagram.com/lovelucyfit_/,online fitness coach
fit_with_mackenzie,https://www.instagram.com/fit_with_mackenzie/,fitness coach
pfeiffer_jenny_onlinecoaching,https://www.instagram.com/pfeiffer_jenny_onlinecoaching/,fitness coach
bodybyals,https://www.instagram.com/bodybyals/,fitness coach
emmafituk_,https://www.instagram.com/emmafituk_/,personal trainer
saraisbranco,https://www.instagram.com/saraisbranco/,fitness coach
yourfitness_c0ach,https://www.instagram.com/yourfitness_c0ach/,online fitness coach
nipunfitness,https://www.instagram.com/nipunfitness/,fitness coach
ely_fitnesscoach,https://www.instagram.com/ely_fitnesscoach/,fitness coach
jessiegwenfit,https://www.instagram.com/jessiegwenfit/,fitness coach
fitness__kaykay,https://www.instagram.com/fitness__kaykay/,fitness coach
kate_beyondfitness,https://www.instagram.com/kate_beyondfitness/,online fitness coach
danfounder,https://www.instagram.com/danfounder/,online fitness coach
sergiogarciafitness,https://www.instagram.com/sergiogarciafitness/,fitness coach
becksliveshealthy,https://www.instagram.com/becksliveshealthy/,fitness coach
charliejohnsonfitness,https://www.instagram.com/charliejohnsonfitness/,online fitness coach
christian.fleenor,https://www.instagram.com/christian.fleenor/,online fitness coach
caitlinwilson.fit,https://www.instagram.com/caitlinwilson.fit/,fitness coach
thefitnesschef_,https://www.instagram.com/thefitnesschef_/,fitness coach
themodernmuslimman,https://www.instagram.com/themodernmuslimman/,fitness coach
sageyfitt,https://www.instagram.com/sageyfitt/,fitness coach
thestrongwai,https://www.instagram.com/thestrongwai/,fitness coach
jogagnetrainer,https://www.instagram.com/jogagnetrainer/,fitness coach
maurofitnesscoach,https://www.instagram.com/maurofitnesscoach/,fitness coach
kesavan70,https://www.instagram.com/kesavan70/,online fitness coach
zohaib_fitness_official,https://www.instagram.com/zohaib_fitness_official/,fitness coach
jamiecorso,https://www.instagram.com/jamiecorso/,online fitness coach
coachkrystal_,https://www.instagram.com/coachkrystal_/,fitness coach
wrkwithleah,https://www.instagram.com/wrkwithleah/,online fitness coach
hussein.fht,https://www.instagram.com/hussein.fht/,fitness coach
thegirlwithabs16,https://www.instagram.com/thegirlwithabs16/,online fitness coach
thefitkingg,https://www.instagram.com/thefitkingg/,online fitness coach
annapiotrowski,https://www.instagram.com/annapiotrowski/,fitness coach
alexxandra.fitt,https://www.instagram.com/alexxandra.fitt/,fitness coach
onlinetrainingcoach,https://www.instagram.com/onlinetrainingcoach/,online fitness coach
gimnasioenerfitperu,https://www.instagram.com/gimnasioenerfitperu/,fitness coach
mitch_saraczewski,https://www.instagram.com/mitch_saraczewski/,fitness coach
the_naturalcoach,https://www.instagram.com/the_naturalcoach/,fitness coach
aefitnessig,https://www.instagram.com/aefitnessig/,online fitness coach
get_fit_with_robert,https://www.instagram.com/get_fit_with_robert/,fitness coach
hiteshfitnesscoach,https://www.instagram.com/hiteshfitnesscoach/,fitness coach
chanchalsharma1346,https://www.instagram.com/chanchalsharma1346/,fitness coach
iron_bites,https://www.instagram.com/iron_bites/,fitness coach
jsj_fitness_hub,https://www.instagram.com/jsj_fitness_hub/,fitness coach
jhindghuman,https://www.instagram.com/jhindghuman/,fitness coach
_youthfitness_,https://www.instagram.com/_youthfitness_/,fitness coach
herbalife_wellness_coach_fit,https://www.instagram.com/herbalife_wellness_coach_fit/,fitness coach
coachamjad,https://www.instagram.com/coachamjad/,fitness coach
lawyerlifts.in,https://www.instagram.com/lawyerlifts.in/,fitness coach
indian_fitness__coach,https://www.instagram.com/indian_fitness__coach/,fitness coach
calysta_ifbbpro,https://www.instagram.com/calysta_ifbbpro/,fitness coach
fitsznn_,https://www.instagram.com/fitsznn_/,fitness coach
ravinagill_02,https://www.instagram.com/ravinagill_02/,fitness coach
fitwithvaishalibassi,https://www.instagram.com/fitwithvaishalibassi/,fitness coach
bullstrongfit,https://www.instagram.com/bullstrongfit/,fitness coach
mariam.motivates,https://www.instagram.com/mariam.motivates/,fitness coach
dylan.kolak,https://www.instagram.com/dylan.kolak/,fitness coach
dr.godric,https://www.instagram.com/dr.godric/,fitness coach
davecrosland_,https://www.instagram.com/davecrosland_/,fitness coach
briannametzgerfit,https://www.instagram.com/briannametzgerfit/,fitness coach
mg235,https://www.instagram.com/mg235/,fitness coach
tristan.huseby,https://www.instagram.com/tristan.huseby/,fitness coach
Avaaxe,https://www.instagram.com/Avaaxe/,fitness coach
muktigautam,https://www.instagram.com/muktigautam/,fitness coach
ifbbpro_hanysaeed,https://www.instagram.com/ifbbpro_hanysaeed/,personal trainer
db.personal_trainer,https://www.instagram.com/db.personal_trainer/,personal trainer
coach_megvourantonis_,https://www.instagram.com/coach_megvourantonis_/,personal trainer
mc_personal_trainer,https://www.instagram.com/mc_personal_trainer/,personal trainer
hugomramalho_personaltrainer,https://www.instagram.com/hugomramalho_personaltrainer/,personal trainer
thehungrycoach,https://www.instagram.com/thehungrycoach/,personal trainer
dubai_personal_fitness_trainer,https://www.instagram.com/dubai_personal_fitness_trainer/,personal trainer
personal_trainer_savova.strong,https://www.instagram.com/personal_trainer_savova.strong/,personal trainer
alessiaprincipato_fitnesscoach,https://www.instagram.com/alessiaprincipato_fitnesscoach/,personal trainer
personal_trainer_david,https://www.instagram.com/personal_trainer_david/,personal trainer
missionfit_d,https://www.instagram.com/missionfit_d/,personal trainer
andreromao.personaltrainer,https://www.instagram.com/andreromao.personaltrainer/,personal trainer
myonlinepersonaltrainer,https://www.instagram.com/myonlinepersonaltrainer/,personal trainer
omar.personaltrainer,https://www.instagram.com/omar.personaltrainer/,personal trainer
guh_personal_trainer,https://www.instagram.com/guh_personal_trainer/,personal trainer
coach.jwebb,https://www.instagram.com/coach.jwebb/,personal trainer
iamtiwara,https://www.instagram.com/iamtiwara/,personal trainer
personal.trainer.uruguay,https://www.instagram.com/personal.trainer.uruguay/,personal trainer
carollopespersonal,https://www.instagram.com/carollopespersonal/,personal trainer
kokoleeshis,https://www.instagram.com/kokoleeshis/,personal trainer
douglas.personaltrainer,https://www.instagram.com/douglas.personaltrainer/,personal trainer
fitnesscasee,https://www.instagram.com/fitnesscasee/,personal trainer
personal_trainer_julia,https://www.instagram.com/personal_trainer_julia/,personal trainer
fitlucsg,https://www.instagram.com/fitlucsg/,personal trainer
daysouzapersonaltrainer,https://www.instagram.com/daysouzapersonaltrainer/,personal trainer
personal_trainer_indonesia,https://www.instagram.com/personal_trainer_indonesia/,personal trainer
joanadarcpersonaltrainer,https://www.instagram.com/joanadarcpersonaltrainer/,personal trainer
youfit.peru,https://www.instagram.com/youfit.peru/,personal trainer
maira_personaltrainer,https://www.instagram.com/maira_personaltrainer/,personal trainer
personaltrainerynutriciondanto,https://www.instagram.com/personaltrainerynutriciondanto/,personal trainer
yp.trainer,https://www.instagram.com/yp.trainer/,personal trainer
trainerlindsay,https://www.instagram.com/trainerlindsay/,personal trainer
copilotsearch,https://www.instagram.com/copilotsearch/,fitness coach
travel,https://www.instagram.com/travel/,fitness coach
maps,https://www.instagram.com/maps/,fitness coach
videos,https://www.instagram.com/videos/,fitness coach
news,https://www.instagram.com/news/,fitness coach
deionsanders,https://www.instagram.com/deionsanders/,fitness coach
svrvh.fit,https://www.instagram.com/svrvh.fit/,fitness coach
sculptphysique,https://www.instagram.com/sculptphysique/,fitness coach
_ruthcl,https://www.instagram.com/_ruthcl/,fitness coach
bellabaileybarnes,https://www.instagram.com/bellabaileybarnes/,fitness coach
leanbeefpatty,https://www.instagram.com/leanbeefpatty/,fitness coach
theshwetab,https://www.instagram.com/theshwetab/,fitness coach
nitinraghav_,https://www.instagram.com/nitinraghav_/,fitness coach
marcus__rice,https://www.instagram.com/marcus__rice/,fitness coach
aldafreitass,https://www.instagram.com/aldafreitass/,fitness coach
marandalunaa,https://www.instagram.com/marandalunaa/,fitness coach
bodysculptorben,https://www.instagram.com/bodysculptorben/,fitness coach
ryanmxxre,https://www.instagram.com/ryanmxxre/,fitness coach
ariellrosenblad,https://www.instagram.com/ariellrosenblad/,fitness coach
stephaniebuchanan_fwtfl,https://www.instagram.com/stephaniebuchanan_fwtfl/,fitness coach
coach.katz,https://www.instagram.com/coach.katz/,fitness coach
mackenziemckee,https://www.instagram.com/mackenziemckee/,fitness coach
lenarybakina,https://www.instagram.com/lenarybakina/,fitness coach
innately_nourished,https://www.instagram.com/innately_nourished/,fitness coach
noahsharpe,https://www.instagram.com/noahsharpe/,personal trainer
zburnsfat,https://www.instagram.com/zburnsfat/,fitness coach
mattwest_roadtoaesthetics,https://www.instagram.com/mattwest_roadtoaesthetics/,online fitness coach
angela_gargano,https://www.instagram.com/angela_gargano/,fitness coach
dr.joeymunoz,https://www.instagram.com/dr.joeymunoz/,fitness coach
Huneybakedmelons,https://www.instagram.com/Huneybakedmelons/,fitness coach
coachginakim,https://www.instagram.com/coachginakim/,fitness coach
pamela_rf,https://www.instagram.com/pamela_rf/,fitness coach
cbum,https://www.instagram.com/cbum/,fitness coach
christian_kroemer,https://www.instagram.com/christian_kroemer/,fitness coach
a.mdiaz,https://www.instagram.com/a.mdiaz/,fitness coach
transform_fitness_coach,https://www.instagram.com/transform_fitness_coach/,fitness coach
samokunola,https://www.instagram.com/samokunola/,fitness coach
fitnessxsav,https://www.instagram.com/fitnessxsav/,fitness coach
fitness_coach_dee,https://www.instagram.com/fitness_coach_dee/,fitness coach
fitness_coach_imk,https://www.instagram.com/fitness_coach_imk/,fitness coach
peanutphysique,https://www.instagram.com/peanutphysique/,fitness coach
fitness_coach_age,https://www.instagram.com/fitness_coach_age/,fitness coach
d_fitness_club04,https://www.instagram.com/d_fitness_club04/,fitness coach
nikokatsuyoshi,https://www.instagram.com/nikokatsuyoshi/,fitness coach
coach.darwin,https://www.instagram.com/coach.darwin/,fitness coach
falconerfitness,https://www.instagram.com/falconerfitness/,fitness coach
jtbodyconcept,https://www.instagram.com/jtbodyconcept/,fitness coach
praveen_goyar_,https://www.instagram.com/praveen_goyar_/,fitness coach
claudia_krebs,https://www.instagram.com/claudia_krebs/,fitness coach
coachlittlejoe,https://www.instagram.com/coachlittlejoe/,fitness coach
coachcaprice,https://www.instagram.com/coachcaprice/,fitness coach
ryan_jourv,https://www.instagram.com/ryan_jourv/,fitness coach
fitness_coach_kamni_24,https://www.instagram.com/fitness_coach_kamni_24/,fitness coach
fitness_coach_lima,https://www.instagram.com/fitness_coach_lima/,fitness coach
aidan_aesthetics,https://www.instagram.com/aidan_aesthetics/,fitness coach
surajlifestylecoach,https://www.instagram.com/surajlifestylecoach/,fitness coach
angierrios,https://www.instagram.com/angierrios/,fitness coach
janae_ifbbpro,https://www.instagram.com/janae_ifbbpro/,fitness coach
o.c.deans_fitness,https://www.instagram.com/o.c.deans_fitness/,personal trainer
mariagloriamg,https://www.instagram.com/mariagloriamg/,personal trainer
myptrainer,https://www.instagram.com/myptrainer/,personal trainer
workoutwithhayley,https://www.instagram.com/workoutwithhayley/,personal trainer
personal_trainer_surabaya,https://www.instagram.com/personal_trainer_surabaya/,personal trainer
neilfit_,https://www.instagram.com/neilfit_/,personal trainer
mayju_training,https://www.instagram.com/mayju_training/,personal trainer
dani.personaltrainer,https://www.instagram.com/dani.personaltrainer/,personal trainer
p_k_fitness,https://www.instagram.com/p_k_fitness/,personal trainer
la_colagenofit,https://www.instagram.com/la_colagenofit/,personal trainer
alaa.rabbat,https://www.instagram.com/alaa.rabbat/,personal trainer
igmiisu,https://www.instagram.com/igmiisu/,personal trainer
swimcoach__vic,https://www.instagram.com/swimcoach__vic/,personal trainer
allgainsnopains,https://www.instagram.com/allgainsnopains/,personal trainer
leeabberton.personal_trainer,https://www.instagram.com/leeabberton.personal_trainer/,personal trainer
goshaanhealth,https://www.instagram.com/goshaanhealth/,personal trainer
little_wolf_fitness,https://www.instagram.com/little_wolf_fitness/,personal trainer
andytofit,https://www.instagram.com/andytofit/,personal trainer
personal_trainer.pr,https://www.instagram.com/personal_trainer.pr/,personal trainer
rocio.scagliusi,https://www.instagram.com/rocio.scagliusi/,fitness coach
akuatwumlmhc,https://www.instagram.com/akuatwumlmhc/,yoga instructor
omayogastudio,https://www.instagram.com/omayogastudio/,yoga instructor
toussaint_meghie,https://www.instagram.com/toussaint_meghie/,yoga instructor
polarislearningcollective,https://www.instagram.com/polarislearningcollective/,yoga instructor
bcdinashville,https://www.instagram.com/bcdinashville/,yoga instructor
natalieoquin,https://www.instagram.com/natalieoquin/,yoga instructor
christina.hearns,https://www.instagram.com/christina.hearns/,yoga instructor
kapilina_yoga,https://www.instagram.com/kapilina_yoga/,yoga instructor
yogawithmelissasilva,https://www.instagram.com/yogawithmelissasilva/,yoga instructor
cassandrasawyerart,https://www.instagram.com/cassandrasawyerart/,yoga instructor
sabrinaattyoga,https://www.instagram.com/sabrinaattyoga/,yoga instructor
ladakhjobs,https://www.instagram.com/ladakhjobs/,yoga instructor
loveathletica_adelaide,https://www.instagram.com/loveathletica_adelaide/,yoga instructor
yogawithchristy4u,https://www.instagram.com/yogawithchristy4u/,yoga instructor
spurvalleyadventures,https://www.instagram.com/spurvalleyadventures/,yoga instructor
ayumi_iriko,https://www.instagram.com/ayumi_iriko/,yoga instructor
leylaeraybar,https://www.instagram.com/leylaeraybar/,yoga instructor
rebecca_sisson,https://www.instagram.com/rebecca_sisson/,yoga instructor
transyogateacher,https://www.instagram.com/transyogateacher/,yoga instructor
charymyoga,https://www.instagram.com/charymyoga/,yoga instructor
yogawithlyss,https://www.instagram.com/yogawithlyss/,yoga instructor
leahmaurizio,https://www.instagram.com/leahmaurizio/,yoga instructor
sohamyoga.eg,https://www.instagram.com/sohamyoga.eg/,yoga instructor
_kellyoga_,https://www.instagram.com/_kellyoga_/,yoga instructor
thetreeyogacoop,https://www.instagram.com/thetreeyogacoop/,yoga instructor
denverfashionweek,https://www.instagram.com/denverfashionweek/,yoga instructor
yogabysteff,https://www.instagram.com/yogabysteff/,yoga instructor
hazelton.company,https://www.instagram.com/hazelton.company/,yoga instructor
alexandrayogi,https://www.instagram.com/alexandrayogi/,yoga instructor
yoga_with_yukti,https://www.instagram.com/yoga_with_yukti/,yoga instructor
yoga_by_devin,https://www.instagram.com/yoga_by_devin/,yoga instructor
originalhotyogaassociation,https://www.instagram.com/originalhotyogaassociation/,yoga instructor
awo_yoga,https://www.instagram.com/awo_yoga/,yoga instructor
juliafisheryoga,https://www.instagram.com/juliafisheryoga/,yoga instructor
katiejfit,https://www.instagram.com/katiejfit/,online fitness coach
ob_health.fit,https://www.instagram.com/ob_health.fit/,online fitness coach
tewnmaclean,https://www.instagram.com/tewnmaclean/,online fitness coach
robbiesic,https://www.instagram.com/robbiesic/,online fitness coach
aoifetabb,https://www.instagram.com/aoifetabb/,online fitness coach
tmaxbeauchamp,https://www.instagram.com/tmaxbeauchamp/,online fitness coach
fitwithmi_,https://www.instagram.com/fitwithmi_/,online fitness coach
amberalexisss,https://www.instagram.com/amberalexisss/,online fitness coach
terelpzj,https://www.instagram.com/terelpzj/,online fitness coach
krispyjjay,https://www.instagram.com/krispyjjay/,online fitness coach
sbakkali,https://www.instagram.com/sbakkali/,online fitness coach
jennifersarbone,https://www.instagram.com/jennifersarbone/,online fitness coach
deannaodfit,https://www.instagram.com/deannaodfit/,fitness coach
growwithgab_x,https://www.instagram.com/growwithgab_x/,online fitness coach
realecurrivan,https://www.instagram.com/realecurrivan/,online fitness coach
lainey_fitt,https://www.instagram.com/lainey_fitt/,online fitness coach
maevelifts,https://www.instagram.com/maevelifts/,fitness coach
bodybykb_,https://www.instagram.com/bodybykb_/,online fitness coach
henleyfitness,https://www.instagram.com/henleyfitness/,online fitness coach
nikgfitness,https://www.instagram.com/nikgfitness/,online fitness coach
anggiebonaccorso,https://www.instagram.com/anggiebonaccorso/,online fitness coach
juliexfit,https://www.instagram.com/juliexfit/,online fitness coach
lewisparisfitness,https://www.instagram.com/lewisparisfitness/,online fitness coach
gracekolisfit,https://www.instagram.com/gracekolisfit/,fitness coach
colbyiverson_,https://www.instagram.com/colbyiverson_/,online fitness coach
nikki_fitnesscoach,https://www.instagram.com/nikki_fitnesscoach/,online fitness coach
madcoaching,https://www.instagram.com/madcoaching/,online fitness coach
coachbuilt_,https://www.instagram.com/coachbuilt_/,fitness coach
gabriellenikorabaker,https://www.instagram.com/gabriellenikorabaker/,online fitness coach
kieranthecoach,https://www.instagram.com/kieranthecoach/,online fitness coach
madsfitttt,https://www.instagram.com/madsfitttt/,online fitness coach
___hari_krish___,https://www.instagram.com/___hari_krish___/,online fitness coach
iamcoachnina,https://www.instagram.com/iamcoachnina/,online fitness coach
travis_yfwb_online_fit_coach,https://www.instagram.com/travis_yfwb_online_fit_coach/,online fitness coach
wdunfit,https://www.instagram.com/wdunfit/,online fitness coach
tillyhulse_fit,https://www.instagram.com/tillyhulse_fit/,online fitness coach
bootyandbarbellscoach,https://www.instagram.com/bootyandbarbellscoach/,online fitness coach
j20coaching,https://www.instagram.com/j20coaching/,online fitness coach
jc.fitness.coach,https://www.instagram.com/jc.fitness.coach/,online fitness coach
danielantoniefitlife,https://www.instagram.com/danielantoniefitlife/,online fitness coach
iampeachfit,https://www.instagram.com/iampeachfit/,online fitness coach
justina_fitness_coach,https://www.instagram.com/justina_fitness_coach/,online fitness coach
online_fitness_coach_india,https://www.instagram.com/online_fitness_coach_india/,online fitness coach
fitnesstransformationclub,https://www.instagram.com/fitnesstransformationclub/,online fitness coach
fitpaupow,https://www.instagram.com/fitpaupow/,online fitness coach
fitnesswithadriana,https://www.instagram.com/fitnesswithadriana/,nutrition coach
nutritionalcoach,https://www.instagram.com/nutritionalcoach/,nutrition coach
nutri_coach_by_rania,https://www.instagram.com/nutri_coach_by_rania/,nutrition coach
boldnix,https://www.instagram.com/boldnix/,nutrition coach
sc.nutritioncoaching,https://www.instagram.com/sc.nutritioncoaching/,nutrition coach
thefoodnutritioncoach,https://www.instagram.com/thefoodnutritioncoach/,nutrition coach
built_nutrition,https://www.instagram.com/built_nutrition/,nutrition coach
inspiredbynutrition,https://www.instagram.com/inspiredbynutrition/,nutrition coach
nerinutritioncoach,https://www.instagram.com/nerinutritioncoach/,nutrition coach
jquery,https://zhidao.baidu.com/question/1894154084944516860.html,personal trainer
index,https://zhidao.baidu.com/question/7419878.html,personal trainer
qrcode-hover,https://zhidao.baidu.com/question/7419878.html,personal trainer
qrcode,https://zhidao.baidu.com/question/7419878.html,personal trainer
sarah,https://strongwithsarah.com/work-with-me-1,weight loss coach
wght,https://strongwithsarah.com/work-with-me-1,weight loss coach
beyondspace-snippets,https://strongwithsarah.com/work-with-me-1,weight loss coach
gsap,https://strongwithsarah.com/work-with-me-1,weight loss coach
vanilla-lazyload,https://www.mybodytutor.com/coaching/weight-loss,weight loss coach
splide-extension-auto-scroll,https://simple.life/,weight loss coach
core,https://www.riselean.com/weight-loss-coach/,weight loss coach
leslie,https://www.riselean.com/weight-loss-coach/,weight loss coach
membership,https://www.joincalibrate.com/resources/weight-loss-coach,weight loss coach
bootstrap,https://codycrossanswers.net/,home workout trainer
froala-editor,https://shop.bodybuilding.com/,bodybuilding coach
brand-lego,https://poki.com/br,online coach
brand-disney,https://poki.com/br,online coach
securityblock,https://theforumathleticclub.com/,gym instructor
fill,https://www.forumfitnesscenter.com/tour,gym instructor
bootstrap-select,https://www.wilsonsfitness.com/about-us/,fitness programs
wght,https://strongwithsarah.com/work-with-me-1,weight loss coach
gsap,https://strongwithsarah.com/work-with-me-1,weight loss coach
sarah,https://strongwithsarah.com/work-with-me-1,weight loss coach
beyondspace-snippets,https://strongwithsarah.com/work-with-me-1,weight loss coach
vanilla-lazyload,https://www.mybodytutor.com/coaching/weight-loss,weight loss coach
splide,https://simple.life/,weight loss coach
splide-extension-auto-scroll,https://simple.life/,weight loss coach
js-cookie,https://linktr.ee/NoPlateauTraining1,personal trainer
mindyfitnc,https://linktr.ee/Mindfulyfit,personal trainer
friends,https://linktr.ee/Mindfulyfit,personal trainer
js-client,https://linktr.ee/wiktoria.fitness,personal trainer
u002f,https://linktr.ee/wiktoria.fitness,personal trainer
bb-consent,https://shop.bodybuilding.com/,bodybuilding coach
scaseyfitness,https://www.instagram.com/scaseyfitness/,fitness coach
patricia.fitnesscoach,https://www.instagram.com/patricia.fitnesscoach/,fitness coach
arianfitnesscoach,https://www.instagram.com/arianfitnesscoach/,fitness coach
enerjenicfitness,https://www.instagram.com/enerjenicfitness/,fitness coach
pro_fitness_coach,https://www.instagram.com/pro_fitness_coach/,fitness coach
nickvenuti_,https://www.instagram.com/nickvenuti_/,fitness coach
tanyavahi_,https://www.instagram.com/tanyavahi_/,fitness coach
shanu.fitness.coach,https://www.instagram.com/shanu.fitness.coach/,fitness coach
vanessa.vfit,https://www.instagram.com/vanessa.vfit/,fitness coach
mussbefitt,https://www.instagram.com/mussbefitt/,fitness coach
coachtata_,https://www.instagram.com/coachtata_/,fitness coach
busy_and_buffed,https://www.instagram.com/busy_and_buffed/,fitness coach
katerh_fitness,https://www.instagram.com/katerh_fitness/,fitness coach
danleefitness,https://www.instagram.com/danleefitness/,fitness coach
therealstevenwilson,https://www.instagram.com/therealstevenwilson/,fitness coach
sportybethcf,https://www.instagram.com/sportybethcf/,fitness coach
carnivore.fitness,https://www.instagram.com/carnivore.fitness/,fitness coach
chandnisinhaa,https://www.instagram.com/chandnisinhaa/,fitness coach
lydiadoesburg,https://www.instagram.com/lydiadoesburg/,fitness coach
marcojimenez9,https://www.instagram.com/marcojimenez9/,fitness coach
matthewvautour,https://www.instagram.com/matthewvautour/,fitness coach
janellefaithill,https://www.instagram.com/janellefaithill/,fitness coach
chrismajoy14,https://www.instagram.com/chrismajoy14/,fitness coach
agibson_fitness,https://www.instagram.com/agibson_fitness/,fitness coach
coach__payne,https://www.instagram.com/coach__payne/,fitness coach
celestefisherfitness,https://www.instagram.com/celestefisherfitness/,fitness coach
itsbriahbloom,https://www.instagram.com/itsbriahbloom/,fitness coach
deannaodfit,https://www.instagram.com/deannaodfit/,fitness coach
zakariaphysics,https://www.instagram.com/zakariaphysics/,fitness coach
wellnesswithmayank,https://www.instagram.com/wellnesswithmayank/,fitness coach
sami.salek,https://www.instagram.com/sami.salek/,fitness coach
hardikyogi.official,https://www.instagram.com/hardikyogi.official/,fitness coach
shenesecase,https://www.instagram.com/shenesecase/,fitness coach
floydmayweather,https://www.instagram.com/floydmayweather/,fitness coach
39saku_chan,https://www.instagram.com/39saku_chan/,personal trainer
Blogilates,https://www.instagram.com/Blogilates/,personal trainer
angelita_personaltrainer,https://www.instagram.com/angelita_personaltrainer/,personal trainer
digvijaylifestyle,https://www.instagram.com/digvijaylifestyle/,personal trainer
highlights,https://www.instagram.com/highlights/,personal trainer
theofficialegypt_,https://www.instagram.com/theofficialegypt_/,personal trainer
misscarriejune,https://www.instagram.com/misscarriejune/,personal trainer
vladigalagan,https://www.instagram.com/vladigalagan/,personal trainer
davidgoggins,https://www.instagram.com/davidgoggins/,personal trainer
missmarymmouser,https://www.instagram.com/missmarymmouser/,personal trainer
mikkoniir,https://www.instagram.com/mikkoniir/,personal trainer
fitness_nala,https://www.instagram.com/fitness_nala/,personal trainer
personaltrainer.kazumi,https://www.instagram.com/personaltrainer.kazumi/,personal trainer
arynasabalenka,https://www.instagram.com/arynasabalenka/,personal trainer
_chaneltotti,https://www.instagram.com/_chaneltotti/,personal trainer
taylor_hill,https://www.instagram.com/taylor_hill/,personal trainer
grizzlies_fitness,https://www.instagram.com/grizzlies_fitness/,personal trainer
kerrysmithfitness,https://www.instagram.com/kerrysmithfitness/,personal trainer
emzzfitnesss,https://www.instagram.com/emzzfitnesss/,personal trainer
teshia.king,https://www.instagram.com/teshia.king/,personal trainer
darian_white_lifestyle,https://www.instagram.com/darian_white_lifestyle/,personal trainer
gainsbymimi_,https://www.instagram.com/gainsbymimi_/,personal trainer
melballfitness,https://www.instagram.com/melballfitness/,personal trainer
mamadou_akerey_yafa,https://www.instagram.com/mamadou_akerey_yafa/,personal trainer
iromefitness,https://www.instagram.com/iromefitness/,personal trainer
coach_ekong_dfw,https://www.instagram.com/coach_ekong_dfw/,personal trainer
gracetrang,https://www.instagram.com/gracetrang/,personal trainer
dani_bcoleman,https://www.instagram.com/dani_bcoleman/,personal trainer
gainsbygaines,https://www.instagram.com/gainsbygaines/,personal trainer
trainathleticform,https://www.instagram.com/trainathleticform/,personal trainer
lifetime.trainers,https://www.instagram.com/lifetime.trainers/,personal trainer
moneyfm893,https://www.instagram.com/moneyfm893/,personal trainer
Mypthub,https://www.instagram.com/Mypthub/,personal trainer
veryaholic,https://www.instagram.com/veryaholic/,personal trainer
david.lifts,https://www.instagram.com/david.lifts/,personal trainer
diaryofafitmommyofficial,https://www.instagram.com/diaryofafitmommyofficial/,personal trainer
jennakutcher,https://www.instagram.com/jennakutcher/,personal trainer
amyjoywilliams,https://www.instagram.com/amyjoywilliams/,personal trainer
saketgokhale,https://www.instagram.com/saketgokhale/,personal trainer
coachjohnwolf,https://www.instagram.com/coachjohnwolf/,personal trainer
sara_ifbbpro,https://www.instagram.com/sara_ifbbpro/,personal trainer
gayfitnesscoach,https://www.instagram.com/gayfitnesscoach/,personal trainer
chanellepatersonpt_kilmarnock,https://www.instagram.com/chanellepatersonpt_kilmarnock/,personal trainer
leonmacleanfitness_pt,https://www.instagram.com/leonmacleanfitness_pt/,personal trainer
evolvefitness95,https://www.instagram.com/evolvefitness95/,personal trainer
evolvefitness95,https://www.instagram.com/evolvefitness95/,personal trainer
danielpoulter,https://www.instagram.com/danielpoulter/,personal trainer
adamhayley1,https://www.instagram.com/adamhayley1/,personal trainer
petrablandfitness,https://www.instagram.com/petrablandfitness/,personal trainer
fitgurlmel,https://www.instagram.com/fitgurlmel/,personal trainer
pavsavva,https://www.instagram.com/pavsavva/,personal trainer
aspencerfitness,https://www.instagram.com/aspencerfitness/,personal trainer
nitaiyoga,https://www.instagram.com/nitaiyoga/,yoga instructor
dangershewrote,https://www.instagram.com/dangershewrote/,yoga instructor
amybizalwellness,https://www.instagram.com/amybizalwellness/,yoga instructor
jennifercoffey,https://www.instagram.com/jennifercoffey/,yoga instructor
brescullark,https://www.instagram.com/brescullark/,yoga instructor
pjfrontino,https://www.instagram.com/pjfrontino/,yoga instructor
intuitive_mindbodycounseling,https://www.instagram.com/intuitive_mindbodycounseling/,yoga instructor
yogashilp,https://www.instagram.com/yogashilp/,yoga instructor
halleberry,https://www.instagram.com/halleberry/,yoga instructor
yoga_instructor_khushbumistry,https://www.instagram.com/yoga_instructor_khushbumistry/,yoga instructor
truthintrees,https://www.instagram.com/truthintrees/,yoga instructor
miamalkova,https://www.instagram.com/miamalkova/,yoga instructor
hilariabaldwin,https://www.instagram.com/hilariabaldwin/,yoga instructor
doaaliciousart,https://www.instagram.com/doaaliciousart/,yoga instructor
yoga_nikki30,https://www.instagram.com/yoga_nikki30/,yoga instructor
palkisharmaupadhyay,https://www.instagram.com/palkisharmaupadhyay/,yoga instructor
kerrybutlercoach,https://www.instagram.com/kerrybutlercoach/,yoga instructor
spurvalleyadventures,https://www.instagram.com/spurvalleyadventures/,yoga instructor
jazminmiles,https://www.instagram.com/jazminmiles/,yoga instructor
trufusionsummerlin,https://www.instagram.com/trufusionsummerlin/,yoga instructor
miclai316,https://www.instagram.com/miclai316/,yoga instructor
ryoko0412,https://www.instagram.com/ryoko0412/,yoga instructor
yellabella,https://www.instagram.com/yellabella/,yoga instructor
purely_elizabeth,https://www.instagram.com/purely_elizabeth/,yoga instructor
camiyogair,https://www.instagram.com/camiyogair/,yoga instructor
alomoves,https://www.instagram.com/alomoves/,yoga instructor
pupsyogavancouver,https://www.instagram.com/pupsyogavancouver/,yoga instructor
sophiesyoga_,https://www.instagram.com/sophiesyoga_/,yoga instructor
floridayogamama,https://www.instagram.com/floridayogamama/,yoga instructor
allymisslove,https://www.instagram.com/allymisslove/,yoga instructor
isojoe,https://www.instagram.com/isojoe/,yoga instructor
anuskayogini,https://www.instagram.com/anuskayogini/,yoga instructor
iamjessicaskye,https://www.instagram.com/iamjessicaskye/,yoga instructor
_claireyoga,https://www.instagram.com/_claireyoga/,yoga instructor
jenfoo,https://www.instagram.com/jenfoo/,yoga instructor
movewithnicole,https://www.instagram.com/movewithnicole/,yoga instructor
krissycela,https://www.instagram.com/krissycela/,yoga instructor
danielrama_,https://www.instagram.com/danielrama_/,yoga instructor
finlay0901,https://www.instagram.com/finlay0901/,yoga instructor
yogabodyelementschicago,https://www.instagram.com/yogabodyelementschicago/,yoga instructor
soyoga_dubai,https://www.instagram.com/soyoga_dubai/,yoga instructor
yogawithlola_,https://www.instagram.com/yogawithlola_/,yoga instructor
musclesbymya,https://www.instagram.com/musclesbymya/,yoga instructor
pureyogasingapore,https://www.instagram.com/pureyogasingapore/,yoga instructor
sarahbethyoga,https://www.instagram.com/sarahbethyoga/,yoga instructor
gracebeverley,https://www.instagram.com/gracebeverley/,yoga instructor
cathymadeoyoga,https://www.instagram.com/cathymadeoyoga/,yoga instructor
brownyogigirl,https://www.instagram.com/brownyogigirl/,yoga instructor
yogawithsahithi,https://www.instagram.com/yogawithsahithi/,yoga instructor
vijayvikram77,https://www.instagram.com/vijayvikram77/,yoga instructor
alexzandrapeters,https://www.instagram.com/alexzandrapeters/,yoga instructor
aakank_sha_,https://www.instagram.com/aakank_sha_/,yoga instructor
heyshannonashley,https://www.instagram.com/heyshannonashley/,yoga instructor
yugvayoga,https://www.instagram.com/yugvayoga/,yoga instructor
yogaia_yoga,https://www.instagram.com/yogaia_yoga/,yoga instructor
laurenanneyoga,https://www.instagram.com/laurenanneyoga/,yoga instructor
yogaaustralia,https://www.instagram.com/yogaaustralia/,yoga instructor
blackswanyogaaustin,https://www.instagram.com/blackswanyogaaustin/,yoga instructor
shop,https://www.instagram.com/shop/,fitness coach
ta1ford,https://www.instagram.com/ta1ford/,fitness coach
benbarkerfitness,https://www.instagram.com/benbarkerfitness/,fitness coach
alianyipalmar,https://www.instagram.com/alianyipalmar/,fitness coach
stadlifts,https://www.instagram.com/stadlifts/,fitness coach
coach.will.hall,https://www.instagram.com/coach.will.hall/,fitness coach
lanceaparker,https://www.instagram.com/lanceaparker/,fitness coach
karenmarinob,https://www.instagram.com/karenmarinob/,fitness coach
casscoaching,https://www.instagram.com/casscoaching/,fitness coach
rmt.rachelpantano,https://www.instagram.com/rmt.rachelpantano/,fitness coach
asherthecoach,https://www.instagram.com/asherthecoach/,fitness coach
azariah_fit,https://www.instagram.com/azariah_fit/,fitness coach
gosia_mumscoach,https://www.instagram.com/gosia_mumscoach/,fitness coach
benjagonzalez.fitt,https://www.instagram.com/benjagonzalez.fitt/,fitness coach
nicolasdyon,https://www.instagram.com/nicolasdyon/,fitness coach
maevekavanagh.fitness,https://www.instagram.com/maevekavanagh.fitness/,fitness coach
_azoia_,https://www.instagram.com/_azoia_/,fitness coach
jackhart02,https://www.instagram.com/jackhart02/,fitness coach
cameronoliverfitness,https://www.instagram.com/cameronoliverfitness/,fitness coach
pattrufitness,https://www.instagram.com/pattrufitness/,fitness coach
cgarciafitness,https://www.instagram.com/cgarciafitness/,fitness coach
fitlex_coach,https://www.instagram.com/fitlex_coach/,fitness coach
lilyrosecooper21,https://www.instagram.com/lilyrosecooper21/,fitness coach
lucasell_,https://www.instagram.com/lucasell_/,fitness coach
adrienne_forsyth_,https://www.instagram.com/adrienne_forsyth_/,fitness coach
fitness_miami_coach,https://www.instagram.com/fitness_miami_coach/,fitness coach
fitness_coach_denz,https://www.instagram.com/fitness_coach_denz/,fitness coach
malenagabriela17,https://www.instagram.com/malenagabriela17/,fitness coach
calvindergara,https://www.instagram.com/calvindergara/,fitness coach
mindovermatter_fitness_coach,https://www.instagram.com/mindovermatter_fitness_coach/,fitness coach
fitonastya,https://www.instagram.com/fitonastya/,fitness coach
katiestatonfitness,https://www.instagram.com/katiestatonfitness/,fitness coach
punjabistrengthcoach,https://www.instagram.com/punjabistrengthcoach/,fitness coach
fitness_coach_gurpreet,https://www.instagram.com/fitness_coach_gurpreet/,fitness coach
curlswithv,https://www.instagram.com/curlswithv/,fitness coach
notsofitz,https://www.instagram.com/notsofitz/,fitness coach
yourbaldcoach,https://www.instagram.com/yourbaldcoach/,fitness coach
iv_league_joe,https://www.instagram.com/iv_league_joe/,fitness coach
dr.mintmuscle,https://www.instagram.com/dr.mintmuscle/,fitness coach
amaljayyyyy,https://www.instagram.com/amaljayyyyy/,fitness coach
clsr.dgkn,https://www.instagram.com/clsr.dgkn/,fitness coach
mimounifarid,https://www.instagram.com/mimounifarid/,fitness coach
embun.kf,https://www.instagram.com/embun.kf/,fitness coach
coachsunnyfit,https://www.instagram.com/coachsunnyfit/,fitness coach
tren_withakash,https://www.instagram.com/tren_withakash/,fitness coach
fredestorninos_,https://www.instagram.com/fredestorninos_/,fitness coach
theejuliannetaylor,https://www.instagram.com/theejuliannetaylor/,fitness coach
rishabhkumar_rishi,https://www.instagram.com/rishabhkumar_rishi/,fitness coach
shubham.workfit,https://www.instagram.com/shubham.workfit/,fitness coach
with__merve,https://www.instagram.com/with__merve/,fitness coach
carlo_fitness,https://www.instagram.com/carlo_fitness/,fitness coach
sarahjanemce,https://www.instagram.com/sarahjanemce/,fitness coach
hal_holappa,https://www.instagram.com/hal_holappa/,fitness coach
badminton_fitness,https://www.instagram.com/badminton_fitness/,fitness coach
amine_guechairi,https://www.instagram.com/amine_guechairi/,fitness coach
jamie.morse,https://www.instagram.com/jamie.morse/,fitness coach
wurci_official_,https://www.instagram.com/wurci_official_/,fitness coach
unityfit_homefitness,https://www.instagram.com/unityfit_homefitness/,fitness coach
bevyrogers,https://www.instagram.com/bevyrogers/,fitness coach
fitandfednow,https://www.instagram.com/fitandfednow/,fitness coach
raw_fitness03,https://www.instagram.com/raw_fitness03/,fitness coach
uraveragesmallperson_,https://www.instagram.com/uraveragesmallperson_/,fitness coach
aripetrou,https://www.instagram.com/aripetrou/,fitness coach
omiadze_khato,https://www.instagram.com/omiadze_khato/,fitness coach
aditya_s_kasar,https://www.instagram.com/aditya_s_kasar/,fitness coach
pk.fitbae,https://www.instagram.com/pk.fitbae/,fitness coach
lifestyle_with_michelle,https://www.instagram.com/lifestyle_with_michelle/,fitness coach
kelllyfrances,https://www.instagram.com/kelllyfrances/,fitness coach
fitness_wth.vijay,https://www.instagram.com/fitness_wth.vijay/,fitness coach
jennard.l,https://www.instagram.com/jennard.l/,fitness coach
oswald_ossy,https://www.instagram.com/oswald_ossy/,fitness coach
bijayata_simkhada,https://www.instagram.com/bijayata_simkhada/,fitness coach
aw.uor,https://www.instagram.com/aw.uor/,fitness coach
mehdirehane,https://www.instagram.com/mehdirehane/,fitness coach
quicksessions,https://www.instagram.com/quicksessions/,fitness coach
sharonfitnesscoach,https://www.instagram.com/sharonfitnesscoach/,fitness coach
reginagalvann,https://www.instagram.com/reginagalvann/,fitness coach
anish.sharawat,https://www.instagram.com/anish.sharawat/,fitness coach
nicollemontoya,https://www.instagram.com/nicollemontoya/,fitness coach
sandrabaltatu,https://www.instagram.com/sandrabaltatu/,fitness coach
lucky_kismat,https://www.instagram.com/lucky_kismat/,fitness coach
peterkrauswi,https://www.instagram.com/peterkrauswi/,personal trainer
shreen_beyoubefree,https://www.instagram.com/shreen_beyoubefree/,personal trainer
natural_personal_trainer,https://www.instagram.com/natural_personal_trainer/,personal trainer
1madisonrose.fitness,https://www.instagram.com/1madisonrose.fitness/,personal trainer
yourfuturefit,https://www.instagram.com/yourfuturefit/,personal trainer
alexfine44,https://www.instagram.com/alexfine44/,personal trainer
okitsu_personaltrainer,https://www.instagram.com/okitsu_personaltrainer/,personal trainer
georgiamareeb,https://www.instagram.com/georgiamareeb/,personal trainer
elliehopleypt,https://www.instagram.com/elliehopleypt/,personal trainer
23toptraining,https://www.instagram.com/23toptraining/,personal trainer
carolinescircuits,https://www.instagram.com/carolinescircuits/,personal trainer
nourka96,https://www.instagram.com/nourka96/,personal trainer
austinkoz_,https://www.instagram.com/austinkoz_/,personal trainer
bigronjones,https://www.instagram.com/bigronjones/,personal trainer
michaelulloapt,https://www.instagram.com/michaelulloapt/,personal trainer
aimnutritionconsulting,https://www.instagram.com/aimnutritionconsulting/,personal trainer
paolomascitti,https://www.instagram.com/paolomascitti/,personal trainer
bengyminpt,https://www.instagram.com/bengyminpt/,personal trainer
ashtonpienaar,https://www.instagram.com/ashtonpienaar/,personal trainer
missmiafit,https://www.instagram.com/missmiafit/,personal trainer
lukehayesfitness,https://www.instagram.com/lukehayesfitness/,personal trainer
s.tinoco606,https://www.instagram.com/s.tinoco606/,personal trainer
jillianmichaels,https://www.instagram.com/jillianmichaels/,personal trainer
joshua_jones_personal_trainer,https://www.instagram.com/joshua_jones_personal_trainer/,personal trainer
nicole_wise_1,https://www.instagram.com/nicole_wise_1/,personal trainer
fitwith_nina,https://www.instagram.com/fitwith_nina/,personal trainer
sveltebrs,https://www.instagram.com/sveltebrs/,personal trainer
javierbernal_personal_trainer,https://www.instagram.com/javierbernal_personal_trainer/,personal trainer
anakakfit,https://www.instagram.com/anakakfit/,personal trainer
hoianpersonaltrainer,https://www.instagram.com/hoianpersonaltrainer/,personal trainer
palmers_pt,https://www.instagram.com/palmers_pt/,personal trainer
katja.mann.personal.trainer,https://www.instagram.com/katja.mann.personal.trainer/,personal trainer
mrbobbyrich,https://www.instagram.com/mrbobbyrich/,personal trainer
misalainaus,https://www.instagram.com/misalainaus/,personal trainer
karina_fit_dxb,https://www.instagram.com/karina_fit_dxb/,personal trainer
sunnybiggyfitness,https://www.instagram.com/sunnybiggyfitness/,personal trainer
SaraAnnDavis,https://www.instagram.com/SaraAnnDavis/,personal trainer
caliberry_sweats,https://www.instagram.com/caliberry_sweats/,personal trainer
sasha_liftsandruns,https://www.instagram.com/sasha_liftsandruns/,personal trainer
vibesfitnessmelbourne,https://www.instagram.com/vibesfitnessmelbourne/,personal trainer
conorwilliamsfitness,https://www.instagram.com/conorwilliamsfitness/,personal trainer
beatriz_fittness,https://www.instagram.com/beatriz_fittness/,personal trainer
caique_personal_trainer,https://www.instagram.com/caique_personal_trainer/,personal trainer
heavytomodified,https://www.instagram.com/heavytomodified/,personal trainer
whitmiller1,https://www.instagram.com/whitmiller1/,personal trainer
jeromehollywoodferguson,https://www.instagram.com/jeromehollywoodferguson/,personal trainer
coachandy81kg,https://www.instagram.com/coachandy81kg/,personal trainer
cordeirorodriguesm,https://www.instagram.com/cordeirorodriguesm/,personal trainer
personal_trainer_sander,https://www.instagram.com/personal_trainer_sander/,personal trainer
si_dale88,https://www.instagram.com/si_dale88/,personal trainer
ptsydanmaa,https://www.instagram.com/ptsydanmaa/,personal trainer
pt_tomas,https://www.instagram.com/pt_tomas/,personal trainer
pantera.trainer,https://www.instagram.com/pantera.trainer/,personal trainer
kaynanhack,https://www.instagram.com/kaynanhack/,personal trainer
wlady_personal_trainer,https://www.instagram.com/wlady_personal_trainer/,personal trainer
jessicamadnes,https://www.instagram.com/jessicamadnes/,personal trainer
yoshiflex,https://www.instagram.com/yoshiflex/,personal trainer
liftwithalix,https://www.instagram.com/liftwithalix/,personal trainer
michaelbmtrainer,https://www.instagram.com/michaelbmtrainer/,personal trainer
get.mo.fit,https://www.instagram.com/get.mo.fit/,personal trainer
islathomasfitness,https://www.instagram.com/islathomasfitness/,personal trainer
jpribeiropersonaltrainer,https://www.instagram.com/jpribeiropersonaltrainer/,personal trainer
mic_thetrainer,https://www.instagram.com/mic_thetrainer/,personal trainer
morozova_lu,https://www.instagram.com/morozova_lu/,personal trainer
albertorinaldi_personaltrainer,https://www.instagram.com/albertorinaldi_personaltrainer/,personal trainer
daria_trainer_,https://www.instagram.com/daria_trainer_/,personal trainer
sascha_buhl,https://www.instagram.com/sascha_buhl/,personal trainer
jackribeiropersonal,https://www.instagram.com/jackribeiropersonal/,personal trainer
_ptmiguelsantos,https://www.instagram.com/_ptmiguelsantos/,personal trainer
mytrainersarah,https://www.instagram.com/mytrainersarah/,personal trainer
dina.dobrofit,https://www.instagram.com/dina.dobrofit/,personal trainer
milenaadickel,https://www.instagram.com/milenaadickel/,personal trainer
joss.bo,https://www.instagram.com/joss.bo/,personal trainer
neilanwongtunshane,https://www.instagram.com/neilanwongtunshane/,personal trainer
yassmintrainer,https://www.instagram.com/yassmintrainer/,personal trainer
giuliaaltemani,https://www.instagram.com/giuliaaltemani/,personal trainer
dairo_wada_personal_trainer,https://www.instagram.com/dairo_wada_personal_trainer/,personal trainer
kimharari_,https://www.instagram.com/kimharari_/,personal trainer
lrhfit,https://www.instagram.com/lrhfit/,personal trainer
pardo_fit27,https://www.instagram.com/pardo_fit27/,personal trainer
greggcook,https://www.instagram.com/greggcook/,personal trainer
hannahluxton_,https://www.instagram.com/hannahluxton_/,personal trainer
richertraining,https://www.instagram.com/richertraining/,personal trainer
nataliapetryy,https://www.instagram.com/nataliapetryy/,personal trainer
starfitgymmalang,https://www.instagram.com/starfitgymmalang/,personal trainer
fitness.coach.app,https://www.instagram.com/fitness.coach.app/,fitness coach
markstephensyoga,https://www.instagram.com/markstephensyoga/,yoga instructor
dickeyrules,https://www.instagram.com/dickeyrules/,yoga instructor
senhalom,https://www.instagram.com/senhalom/,yoga instructor
feyoluleye,https://www.instagram.com/feyoluleye/,online fitness coach
mklassfitness,https://www.instagram.com/mklassfitness/,online fitness coach
foundation,https://careersidekick.com/fitness-instructor/,gym instructor
cropped-empowered-fitness-logo,https://empoweredlifestyletraining.com,
voyage-phoenix-feature,https://empoweredlifestyletraining.com,
service-header-online-training-nutrition,https://empoweredlifestyletraining.com,
issa-logo,https://empoweredlifestyletraining.com,
2x,https://exercisecoach.com/camelback-east-village,
southtempe.az,https://exercisecoach.com/camelback-east-village,
2x,https://exercisecoach.com/paradise-valley,
southtempe.az,https://exercisecoach.com/paradise-valley,
flags,https://thurstonpersonaltraining.com,
2x,https://exercisecoach.com/gilbert,
southtempe.az,https://exercisecoach.com/gilbert,
flags,http://teamdietryingfitness.com,
example,http://barbelleffect.com,
flags,http://ptbyjoe.com,
your,http://www.nataliesfitnessgarage.com,
black_logo_100x,http://www.revfit.training,
2x,https://exercisecoach.com/arrowhead,
southtempe.az,https://exercisecoach.com/arrowhead,
alb_communications,https://www.instagram.com/alb_communications/,yoga instructor
tameikag,https://www.instagram.com/tameikag/,fitness coach
nathangjoseph,https://www.instagram.com/nathangjoseph/,fitness coach
scottsdale,https://scottsdale.selfmadetrainingfacility.com/iw-teacher/steve-wolf-nccpt-certified-personal-trainer,
monica,http://www.jeremyscottfitness.com,
2x,https://exercisecoach.com/littleton,
2x,https://exercisecoach.com/sylvania,
2x,http://exercisecoach.com/gurnee,
2x,https://exercisecoach.com/davie,
2x,https://exercisecoach.com/claremont,
2x,https://exercisecoach.com/overland-park,
2x,https://exercisecoach.com/north-palm-beach,
2x,https://exercisecoach.com/west-bloomfield,
2x,https://exercisecoach.com/flower-mound,
2x,https://exercisecoach.com/dedham,
2x,https://exercisecoach.com/north-dallas,
user,https://www.fitnessresultscoach.com,
2x,https://exercisecoach.com/west-chester-pa,
2x,https://exercisecoach.com/west-chester-oh,
2x,https://exercisecoach.com/scripps-ranch,
2x,https://exercisecoach.com/lewes,
westuniversity.tx,https://exercisecoach.com/alpharetta,
southtempe.az,https://exercisecoach.com/alpharetta,
2x,https://exercisecoach.com/alpharetta,
2x,https://exercisecoach.com/montgomery-nj,
2x,https://exercisecoach.com/apex,
2x,https://exercisecoach.com/mckinney,
2x,https://exercisecoach.com/clayton,
2x,https://exercisecoach.com/shorewood,
westuniversity.tx,https://exercisecoach.com/pearland,
2x,https://exercisecoach.com/pearland,
westuniversity.tx,https://exercisecoach.com/cinco-ranch,
2x,https://exercisecoach.com/cinco-ranch,
2x,https://exercisecoach.com/midland-park,
flags,https://coachdustinpt.com,
2x,https://exercisecoach.com/st-petersburg,
quote_icon,https://www.exercisecoach.com,
icon_stronger_muscles,https://www.exercisecoach.com,
2x,https://www.exercisecoach.com,
icon_stronger_self,https://www.exercisecoach.com,
image_graph,https://www.exercisecoach.com,
2x,https://exercisecoach.com/north-colorado-springs,
2x,https://exercisecoach.com/weston,
killian___,https://www.instagram.com/killian___/,personal trainer
hopebridgessociety,https://www.instagram.com/hopebridgessociety/,yoga instructor
user,https://www.gbsweatequityfitness.com/personal-training-los-angeles,
flags,https://richpersonaltraining.com,
user,http://www.precisionpersonaltrainingsantamonica.com,
social-icon-youtube,https://www.vagaro.com/arfitness1,
vagaro-logo-poweredby,https://www.vagaro.com/arfitness1,
social-icon-tiktok,https://www.vagaro.com/arfitness1,
social-icon-blog,https://www.vagaro.com/arfitness1,
social-icon-twitter,https://www.vagaro.com/arfitness1,
social-icon-user,https://www.vagaro.com/arfitness1,
arrow-dropdown,https://www.vagaro.com/arfitness1,
social-icon-facebook,https://www.vagaro.com/arfitness1,
social-icon-yelp,https://www.vagaro.com/arfitness1,
social-icon-instagram,https://www.vagaro.com/arfitness1,
social-icon-linked,https://www.vagaro.com/arfitness1,
social-icon-pinterest,https://www.vagaro.com/arfitness1,
social-icon-googleplus,https://www.vagaro.com/arfitness1,
user,https://www.alinaastileantraining.com,
flags,https://apsportstraining.com,
user,http://trainsummitfitness.com,
logo,http://www.focusnyc.com,
user,http://www.colinstuarttraining.com,
flags,http://upfitacademy.com,
flags,http://www.upfitacademy.com,
my,https://www.bossnycfit.com,
flags,https://www.studio16nyc.com,
flags,http://www.giophysique.com,
02-17-2024-motivxbr-plunge-fulledit-,http://www.motivny.com,
user,https://alexengelsfitness.com,
star,https://alexengelsfitness.com,
kieran-body-transformation-150x150,https://www.maikwiedenbach.com,
resized_img_20220108_165428001-1-150x150,https://www.maikwiedenbach.com,
norm-150x150,https://www.maikwiedenbach.com,
jason-body-transformation-150x150,https://www.maikwiedenbach.com,
image-150x150,https://www.maikwiedenbach.com,
nick-body-transformation-150x150,https://www.maikwiedenbach.com,
mainkq-300x149,https://www.maikwiedenbach.com,
trans-150x150,https://www.maikwiedenbach.com,
example,http://www.justtrainbyjoelthomas.com,
example,https://keenpersonaltraining.com,
coachduncan,https://keenpersonaltraining.com,
alicasmd,https://www.instagram.com/alicasmd/,fitness coach
fit_aitana,https://www.instagram.com/fit_aitana/,fitness coach
teamalloy-0069,https://alloypersonaltraining.com/location/scottsdale-grayhawk-az,
flags,https://nextlevelpfc.com,
flags,http://wholeisticfitness.us,
debra.shultz,https://crosscountrymortgage.com/debra-shultz,
careers_volunteer_desktop_tall,https://crosscountrymortgage.com/carbon-team-bk,
careers_dog_desktop_short,https://crosscountrymortgage.com/carbon-team-bk,
lending-buddy_primary-red-brandmark_logo-1-300x218,https://www.lendingbuddy.net,
careers_dog_desktop_short,https://www.crosscountrymortgage.com/carbon-team-bk/gary-tamboer,
careers_dog_mobile_short,https://www.crosscountrymortgage.com/carbon-team-bk/gary-tamboer,
careers_volunteer_desktop_tall,https://www.crosscountrymortgage.com/carbon-team-bk/gary-tamboer,
user,https://www.landmarkfg.com,
careers_dog_desktop_short,https://crosscountrymortgage.com/debra-shultz,
careers_volunteer_desktop_tall,https://crosscountrymortgage.com/debra-shultz,
careers_volunteer_mobile_short,https://crosscountrymortgage.com/debra-shultz,
careers_dog_mobile_short,https://crosscountrymortgage.com/debra-shultz,
paige.park,https://crosscountrymortgage.com/carbon-team-bk,
careers_volunteer_mobile_short,https://crosscountrymortgage.com/carbon-team-bk,
careers_dog_mobile_short,https://crosscountrymortgage.com/carbon-team-bk,
aa874a7a-8246-4fa5-bd07-9d4a9be4eb8c,http://www.elyons.com,
user,http://www.elyons.com,
careers_volunteer_mobile_short,https://www.crosscountrymortgage.com/carbon-team-bk/gary-tamboer,
cta-dark-bg,https://www.ccm.com/rick-martino,
careers_dog_desktop_short,https://crosscountrymortgage.com/jacob-letowsky,
careers_volunteer_desktop_tall,https://crosscountrymortgage.com/jacob-letowsky,
careers_volunteer_mobile_short,https://crosscountrymortgage.com/jacob-letowsky,
careers_dog_mobile_short,https://crosscountrymortgage.com/jacob-letowsky,
cta-dark-bg,https://www.ccm.com/scott-nadler,
cta-dark-bg,https://www.ccm.com/john-gnisci,
