name,website,phone
Jacqueline Frank at Rate (NMLS #45864),https://www.rate.com/jacquelinefrank,+12123189412
Brookville Mortgage,http://schema.org/Place,+17188457993
Heritage Financial Corporation,http://www.getheritageloans.com,+12018762929
Madison Mortgage Services Inc.,https://madisonmortgage.com,+15165402420
Fort Funding Corp.,http://www.fortfunding.com,+17189210200
ABC Mortgage Corporation,http://schema.org/Place,+17189239000
"CrossCountry Mortgage, LLC",https://crosscountrymortgage.com/carbon-team-bk,+19179529091
"Lyons Mortgage Services, Inc.",http://www.elyons.com,+18004488101
Bilal Faiz - Loan Officer - GoRascal Inc,http://schema.org/Place,+19172091680
Block Financial Resources,http://www.blocklending.com,+12129330157
R&J Capital Mortgage & Loan Broker Jackson Heights,https://www.getmemortgage.com/jackson-heights-ny-branch,+17182158602
FM Home Loans,http://schema.org/Place,+12122230022
"Michael Gerardi - Go Rascal, Inc.",http://schema.org/Place,+15164260662
Peter Karlin - Mortgage Broker - Go Rascal Inc,https://www.zillow.com/lender-profile/PeterKarlin,+19176846123
RSA Mortgage Brokerage,http://rsamortgagebrokers.com,+12122149220
New York Mortgage Exchange,http://www.nyme.com,+17183393600
Rate,https://www.rate.com/branches/ny/new-york/750-lexington-ave,+15164795715
Rodolpho Miller Mortgage Broker,http://schema.org/Place,+17189624781
Pan Am Mortgage,http://panamloans.com,+12128679290
Shaleen Mahtani,https://lo.citizensbank.com/ny/new-york/shaleen-mahtani,+12017453426
RCG Mortgage Queens NY,http://schema.org/Place,+17189697100
R&J Capital Mortgage & Loan Brokers of NY,https://www.getmemortgage.com,+17185207000
Heartland Mortgage Corp,https://www.hmcnyc.com,+19294705000
Cornerstone Capital of NY,http://csg-ny.com,+17189758900
Capital Plus Residential,https://capitalplusres.com,+17188512222
"Channel Mortgage, LLC",http://www.channelmtg.com,+17186399500
Better,http://better.com,+14155238837
"Professional Mortgage Solutions, Inc.",https://www.betterloans.net,+17184574444
The Leopard Group,http://www.theleopardgroup.com,+17183122569
Brian Scott Cohen (NMLS #410025) at Guaranteed Rate Affinity (NMLS #1598647),https://www.grarate.com/BrianScottCohen,+16465848009
Luxury Mortgage Corp.,https://www.luxurymortgage.com,+19179059553
Milestone Funding DSCR- Fix& Flip - Commercial Broker,http://schema.org/Place,+17189624781
"NJ Lenders Corp.- Hoboken, NJ (NMLS# 1381344)",https://jsada.njlenders.com,+12016100222
Lending Buddy,https://www.lendingbuddy.net,+18885058979
R&J No Income Mortgage NYC,https://www.getmemortgage.com/no-income-mortgage-nyc,+18553557696
LJ Mortgage Team Inc.,http://www.ljmortgageteam.com,+15162181297
Canyon Mortgage Corp.,http://www.canyonmtgcorp.com,+15165022480
Gadura Mortgage,http://www.gaduramortgage.com,+17186400444
Tomo Mortgage,https://www.tomo.com/mortgage,+17375102523
hfinance - Expat Mortgage Broker,https://www.hfinance.com.au/australian-expat-home-loans,+61272525535
Harry Bennett - Mortgage Broker at Go Rascal,https://gorascal.com/harry,+13479163320
Guy Aboutboul at Guaranteed Rate (NMLS #1114691),https://people.rate.com/guy-aboutboul-1114691,+12123189450
Gary Tamboer at CrossCountry Mortgage,https://www.crosscountrymortgage.com/Carbon-Team-BK/Gary-Tamboer,+19294195030
MortgageDepot,https://mortgagedepot.com,+17182689000
Great Northern Mortgage Corp. - Noble Mortgage Team,http://www.getlowrate.com,+18889562699
"Debra Shultz at CrossCountry Mortgage, LLC",https://crosscountrymortgage.com/debra-shultz,+19177576633
R&J Mortgage & Loan Brokers Manhattan NYC,https://rjcmortgage.com,+19173001429
"Green Street Capital, LLC.",http://www.greenstreetcapitalgroup.com,+17186154545
Landmark Funding Group,https://www.landmarkfg.com,+17187734000
先锋贷款 Prime Pioneer Capital Corp,http://www.primepioneer.com,+17185146008
"Grayton Mortgage, Inc.",https://www.graytonmortgage.com,+17183952600
Lightning Mortgage,http://schema.org/Place,+12013600634
GuardHill Financial LLC,https://guardhill.com,+12126889500
"Advisors Mortgage Group - New York, NY",https://broadway.advisorsmortgage.com,+18007789044
Go Reverse Mortgage,https://goreversemortgage.com,+17182151630
Amerifund Home Mortgage LLC,http://www.amerifund.us,+12129229555
Andrey Romanyuk - Contour Mortgage - NMLS ID 1569470,https://www.contourmortgage.com/andrey-romanyuk-lo,+16465420658
Rick Martino at CrossCountry Mortgage,https://www.ccm.com/Rick-Martino,+18777731226
"Best Solution Mortgage, Inc",http://bestsolutionmortgage.com,+17188881196
Jacob Letowsky at CrossCountry Mortgage,https://crosscountrymortgage.com/jacob-letowsky,+19179026996
"Anatoliy Mikhaylov Mortgage Choice, Inc.",http://schema.org/Place,+17184596006
Tony Jao Mortgage Lending New York City,https://lo.citizensbank.com/ny/new-york/tony-jao,+17183122513
VIVID MORTGAGES®,https://www.vividmortgages.com,+17189427000
Scott Nadler at CrossCountry Mortgage,https://www.ccm.com/Scott-Nadler,+18777731226
"Sam Ryzhikov, Mortgage Loan Originator - NMLS #597729",https://www.fortfunding.com/loan-officers/Sam-Ryzhikov,+13478420851
"CityOne Capital, LLC",http://www.cityonecapital.com,+13478970101
John Gnisci at CrossCountry Mortgage,https://www.ccm.com/John-Gnisci,+12013946281
"James Chen - Citizens, Home Mortgage",http://schema.org/Place,+19175158189
Landstone,http://landstone.co,+17189963400
Horowitz Real Estate,https://horowitzrealestateny.com,+17189329700
