name,website
Legacy Personal Training,:///aclk
Empowered Lifestyle Training and Nutrition,https://empoweredlifestyletraining.com
The Exercise Coach | Camelback East Village AZ | Personal Training Coaches,https://exercisecoach.com/camelback-east-village
Mobile Trainers Phoenix,https://mobiletrainers.com/phoenix
Pamela Young Fitness,https://pamelafitness.com
Todd Smith Fitness - AZ,https://toddsmithfitness-az.com
The Exercise Coach,https://exercisecoach.com/Paradise-Valley
Thurston Personal Training,https://thurstonpersonaltraining.com
Underground Fitness Personal Training,http://www.undergroundfitnessaz.com
Lexi Hale Fitness,https://lexihalefitness.com
Coach Pain Academy Fitness Center of Gilbert Arizona,https://coachpainacademy.com
Transform Scottsdale,https://www.personaltrainer-scottsdaleaz.com
