Niche,Instagram Profile URL
fitness coach,https://www.instagram.com/scaseyfitness
fitness coach,https://www.instagram.com/patricia.fitnesscoach
fitness coach,https://www.instagram.com/fitwithvaishalibassi
fitness coach,https://www.instagram.com/arianfitnesscoach
fitness coach,https://www.instagram.com/enerjenicfitness
fitness coach,https://www.instagram.com/tameikag
fitness coach,https://www.instagram.com/pro_fitness_coach
fitness coach,https://www.instagram.com/nickvenuti_
fitness coach,https://www.instagram.com/tanyavahi_
fitness coach,https://www.instagram.com/shanu.fitness.coach
fitness coach,https://www.instagram.com/fitness_coach_age
fitness coach,https://www.instagram.com/vanessa.vfit
fitness coach,https://www.instagram.com/mussbefitt
fitness coach,https://www.instagram.com/coachtata_
fitness coach,https://www.instagram.com/visualsearch
fitness coach,https://www.instagram.com/busy_and_buffed
fitness coach,https://www.instagram.com/flaaaassshhhhh
fitness coach,https://www.instagram.com/katerh_fitness
fitness coach,https://www.instagram.com/nathangjoseph
fitness coach,https://www.instagram.com/danleefitness
fitness coach,https://www.instagram.com/therealstevenwilson
fitness coach,https://www.instagram.com/coach.me.fitness
fitness coach,https://www.instagram.com/sportybethcf
fitness coach,https://www.instagram.com/shamszfit
fitness coach,https://www.instagram.com/carnivore.fitness
fitness coach,https://www.instagram.com/chandnisinhaa
fitness coach,https://www.instagram.com/lydiadoesburg
fitness coach,https://www.instagram.com/marcojimenez9
fitness coach,https://www.instagram.com/coachlittlejoe
fitness coach,https://www.instagram.com/matthewvautour
fitness coach,https://www.instagram.com/janellefaithill
fitness coach,https://www.instagram.com/chrismajoy14
fitness coach,https://www.instagram.com/agibson_fitness
fitness coach,https://www.instagram.com/copilotsearch
fitness coach,https://www.instagram.com/coach__payne
fitness coach,https://www.instagram.com/celestefisherfitness
fitness coach,https://www.instagram.com/itsbriahbloom
fitness coach,https://www.instagram.com/deannaodfit
fitness coach,https://www.instagram.com/_anil__fitness
fitness coach,https://www.instagram.com/zakariaphysics
fitness coach,https://www.instagram.com/alicasmd
fitness coach,https://www.instagram.com/pamela_rf
fitness coach,https://www.instagram.com/martaa_diiaz
fitness coach,https://www.instagram.com/wellnesswithmayank
fitness coach,https://www.instagram.com/sami.salek
fitness coach,https://www.instagram.com/hardikyogi.official
fitness coach,https://www.instagram.com/deionsanders
fitness coach,https://www.instagram.com/dr_moseki
fitness coach,https://www.instagram.com/shenesecase
fitness coach,https://www.instagram.com/cbum
fitness coach,https://www.instagram.com/leanbeefpatty
fitness coach,https://www.instagram.com/fit_aitana
fitness coach,https://www.instagram.com/floydmayweather
personal trainer,https://www.instagram.com/teddimellencamp
personal trainer,https://www.instagram.com/39saku_chan
personal trainer,https://www.instagram.com/Blogilates
personal trainer,https://www.instagram.com/p_wicks01
personal trainer,https://www.instagram.com/angelita_personaltrainer
personal trainer,https://www.instagram.com/digvijaylifestyle
personal trainer,https://www.instagram.com/highlights
personal trainer,https://www.instagram.com/theofficialegypt_
personal trainer,https://www.instagram.com/misscarriejune
personal trainer,https://www.instagram.com/vladigalagan
personal trainer,https://www.instagram.com/aishahsofey
personal trainer,https://www.instagram.com/graoficial
personal trainer,https://www.instagram.com/davidgoggins
personal trainer,https://www.instagram.com/missmarymmouser
personal trainer,https://www.instagram.com/mikkoniir
personal trainer,https://www.instagram.com/fitness_nala
personal trainer,https://www.instagram.com/personaltrainer.kazumi
personal trainer,https://www.instagram.com/jasminepanama
personal trainer,https://www.instagram.com/arynasabalenka
personal trainer,https://www.instagram.com/valkyrae
personal trainer,https://www.instagram.com/_chaneltotti
personal trainer,https://www.instagram.com/taylor_hill
personal trainer,https://www.instagram.com/grizzlies_fitness
personal trainer,https://www.instagram.com/kerrysmithfitness
personal trainer,https://www.instagram.com/blackchriswhite
personal trainer,https://www.instagram.com/richeytbfit
personal trainer,https://www.instagram.com/emzzfitnesss
personal trainer,https://www.instagram.com/noahsharpe
personal trainer,https://www.instagram.com/laurenschrammfit
personal trainer,https://www.instagram.com/teshia.king
personal trainer,https://www.instagram.com/darian_white_lifestyle
personal trainer,https://www.instagram.com/gainsbymimi_
personal trainer,https://www.instagram.com/melballfitness
personal trainer,https://www.instagram.com/mamadou_akerey_yafa
personal trainer,https://www.instagram.com/jessparisfallick
personal trainer,https://www.instagram.com/iromefitness
personal trainer,https://www.instagram.com/sanghafitness5
personal trainer,https://www.instagram.com/thebodysmyth
personal trainer,https://www.instagram.com/jadablitzfitness
personal trainer,https://www.instagram.com/coach_ekong_dfw
personal trainer,https://www.instagram.com/gracetrang
personal trainer,https://www.instagram.com/dani_bcoleman
personal trainer,https://www.instagram.com/gainsbygaines
personal trainer,https://www.instagram.com/trainathleticform
personal trainer,https://www.instagram.com/lifetime.trainers
personal trainer,https://www.instagram.com/moneyfm893
personal trainer,https://www.instagram.com/Mypthub
personal trainer,https://www.instagram.com/evanacorriccoach
personal trainer,https://www.instagram.com/veryaholic
personal trainer,https://www.instagram.com/david.lifts
personal trainer,https://www.instagram.com/diaryofafitmommyofficial
personal trainer,https://www.instagram.com/jennakutcher
personal trainer,https://www.instagram.com/amyjoywilliams
personal trainer,https://www.instagram.com/bicesterperformancecentre
personal trainer,https://www.instagram.com/saketgokhale
personal trainer,https://www.instagram.com/coachjohnwolf
personal trainer,https://www.instagram.com/sara_ifbbpro
personal trainer,https://www.instagram.com/destroyironfitness
personal trainer,https://www.instagram.com/gayfitnesscoach
personal trainer,https://www.instagram.com/chanellepatersonpt_kilmarnock
personal trainer,https://www.instagram.com/leonmacleanfitness_pt
personal trainer,https://www.instagram.com/evolvefitness95
personal trainer,https://www.instagram.com/danielpoulter
personal trainer,https://www.instagram.com/adamhayley1
personal trainer,https://www.instagram.com/emmafituk_
personal trainer,https://www.instagram.com/petrablandfitness
personal trainer,https://www.instagram.com/fitgurlmel
personal trainer,https://www.instagram.com/dadasovic_dino
personal trainer,https://www.instagram.com/pavsavva
personal trainer,https://www.instagram.com/anytimefitness_ek
personal trainer,https://www.instagram.com/aspencerfitness
yoga instructor,https://www.instagram.com/nitaiyoga
yoga instructor,https://www.instagram.com/dangershewrote
yoga instructor,https://www.instagram.com/amybizalwellness
yoga instructor,https://www.instagram.com/jennifercoffey
yoga instructor,https://www.instagram.com/brescullark
yoga instructor,https://www.instagram.com/pjfrontino
yoga instructor,https://www.instagram.com/intuitive_mindbodycounseling
yoga instructor,https://www.instagram.com/realisticyogagoals
yoga instructor,https://www.instagram.com/omwithmelissa
yoga instructor,https://www.instagram.com/yogashilp
yoga instructor,https://www.instagram.com/halleberry
yoga instructor,https://www.instagram.com/yoga_instructor_khushbumistry
yoga instructor,https://www.instagram.com/truthintrees
yoga instructor,https://www.instagram.com/miamalkova
yoga instructor,https://www.instagram.com/hilariabaldwin
yoga instructor,https://www.instagram.com/bethcooke_flow
yoga instructor,https://www.instagram.com/doaaliciousart
yoga instructor,https://www.instagram.com/yoga_nikki30
yoga instructor,https://www.instagram.com/palkisharmaupadhyay
yoga instructor,https://www.instagram.com/kerrybutlercoach
yoga instructor,https://www.instagram.com/spurvalleyadventures
yoga instructor,https://www.instagram.com/briannenicoleyoga
yoga instructor,https://www.instagram.com/ayumi_iriko
yoga instructor,https://www.instagram.com/jazminmiles
yoga instructor,https://www.instagram.com/rishikulyogshalakerala
yoga instructor,https://www.instagram.com/kapilina_yoga
yoga instructor,https://www.instagram.com/ladakhjobs
yoga instructor,https://www.instagram.com/bodiesbymerj
yoga instructor,https://www.instagram.com/alexzandrapeters
yoga instructor,https://www.instagram.com/aakank_sha_
yoga instructor,https://www.instagram.com/heyshannonashley
yoga instructor,https://www.instagram.com/yugvayoga
yoga instructor,https://www.instagram.com/yogaia_yoga
yoga instructor,https://www.instagram.com/laurenanneyoga
yoga instructor,https://www.instagram.com/yogaaustralia
yoga instructor,https://www.instagram.com/blackswanyogaaustin
yoga instructor,https://www.instagram.com/trufusionsummerlin
yoga instructor,https://www.instagram.com/postballet
yoga instructor,https://www.instagram.com/miclai316
yoga instructor,https://www.instagram.com/ryoko0412
yoga instructor,https://www.instagram.com/yellabella
yoga instructor,https://www.instagram.com/purely_elizabeth
yoga instructor,https://www.instagram.com/camiyogair
yoga instructor,https://www.instagram.com/alomoves
yoga instructor,https://www.instagram.com/pupsyogavancouver
yoga instructor,https://www.instagram.com/sophiesyoga_
yoga instructor,https://www.instagram.com/floridayogamama
yoga instructor,https://www.instagram.com/allymisslove
yoga instructor,https://www.instagram.com/isojoe
yoga instructor,https://www.instagram.com/anuskayogini
yoga instructor,https://www.instagram.com/iamjessicaskye
yoga instructor,https://www.instagram.com/_claireyoga
yoga instructor,https://www.instagram.com/jenfoo
yoga instructor,https://www.instagram.com/movewithnicole
yoga instructor,https://www.instagram.com/krissycela
yoga instructor,https://www.instagram.com/danielrama_
yoga instructor,https://www.instagram.com/finlay0901
yoga instructor,https://www.instagram.com/yogabodyelementschicago
yoga instructor,https://www.instagram.com/soyoga_dubai
yoga instructor,https://www.instagram.com/yogawithlola_
yoga instructor,https://www.instagram.com/musclesbymya
yoga instructor,https://www.instagram.com/pureyogasingapore
yoga instructor,https://www.instagram.com/sarahbethyoga
yoga instructor,https://www.instagram.com/gracebeverley
yoga instructor,https://www.instagram.com/cathymadeoyoga
yoga instructor,https://www.instagram.com/brownyogigirl
yoga instructor,https://www.instagram.com/yogawithsahithi
yoga instructor,https://www.instagram.com/vijayvikram77
fitness coach,https://www.instagram.com/images
fitness coach,https://www.instagram.com/search
fitness coach,https://www.instagram.com/chat
fitness coach,https://www.instagram.com/shop
fitness coach,https://www.instagram.com/news
fitness coach,https://www.instagram.com/videos
fitness coach,https://www.instagram.com/maps
fitness coach,https://www.instagram.com/travel
fitness coach,https://www.instagram.com/ta1ford
fitness coach,https://www.instagram.com/thefitnesscoachformodels
fitness coach,https://www.instagram.com/benbarkerfitness
fitness coach,https://www.instagram.com/alianyipalmar
fitness coach,https://www.instagram.com/stadlifts
fitness coach,https://www.instagram.com/coach.will.hall
fitness coach,https://www.instagram.com/lanceaparker
fitness coach,https://www.instagram.com/benpalocko
fitness coach,https://www.instagram.com/karenmarinob
fitness coach,https://www.instagram.com/casscoaching
fitness coach,https://www.instagram.com/samokunola
fitness coach,https://www.instagram.com/rmt.rachelpantano
fitness coach,https://www.instagram.com/asherthecoach
fitness coach,https://www.instagram.com/azariah_fit
fitness coach,https://www.instagram.com/gosia_mumscoach
fitness coach,https://www.instagram.com/benjagonzalez.fitt
fitness coach,https://www.instagram.com/nicolasdyon
fitness coach,https://www.instagram.com/coachbuilt_
fitness coach,https://www.instagram.com/maevekavanagh.fitness
fitness coach,https://www.instagram.com/_azoia_
fitness coach,https://www.instagram.com/nikokatsuyoshi
fitness coach,https://www.instagram.com/jackhart02
fitness coach,https://www.instagram.com/cameronoliverfitness
fitness coach,https://www.instagram.com/pattrufitness
fitness coach,https://www.instagram.com/cgarciafitness
fitness coach,https://www.instagram.com/fitlex_coach
fitness coach,https://www.instagram.com/lilyrosecooper21
fitness coach,https://www.instagram.com/lucasell_
fitness coach,https://www.instagram.com/adrienne_forsyth_
fitness coach,https://www.instagram.com/coachcaprice
fitness coach,https://www.instagram.com/maevelifts
fitness coach,https://www.instagram.com/fitness_miami_coach
fitness coach,https://www.instagram.com/fitness_coach_denz
fitness coach,https://www.instagram.com/gracekolisfit
fitness coach,https://www.instagram.com/malenagabriela17
fitness coach,https://www.instagram.com/sam_myers__
fitness coach,https://www.instagram.com/calvindergara
fitness coach,https://www.instagram.com/mindovermatter_fitness_coach
fitness coach,https://www.instagram.com/fitonastya
fitness coach,https://www.instagram.com/katiestatonfitness
fitness coach,https://www.instagram.com/punjabistrengthcoach
fitness coach,https://www.instagram.com/fitness_coach_gurpreet
fitness coach,https://www.instagram.com/jessiegwenfit
fitness coach,https://www.instagram.com/curlswithv
fitness coach,https://www.instagram.com/notsofitz
fitness coach,https://www.instagram.com/yourbaldcoach
fitness coach,https://www.instagram.com/iv_league_joe
fitness coach,https://www.instagram.com/pame_healthcoach
fitness coach,https://www.instagram.com/dr.mintmuscle
fitness coach,https://www.instagram.com/amaljayyyyy
fitness coach,https://www.instagram.com/mg235
fitness coach,https://www.instagram.com/clsr.dgkn
fitness coach,https://www.instagram.com/mimounifarid
fitness coach,https://www.instagram.com/embun.kf
fitness coach,https://www.instagram.com/jeff_fitness
fitness coach,https://www.instagram.com/coachsunnyfit
fitness coach,https://www.instagram.com/tren_withakash
fitness coach,https://www.instagram.com/fredestorninos_
fitness coach,https://www.instagram.com/theejuliannetaylor
fitness coach,https://www.instagram.com/rishabhkumar_rishi
fitness coach,https://www.instagram.com/shubham.workfit
fitness coach,https://www.instagram.com/with__merve
fitness coach,https://www.instagram.com/carlo_fitness
fitness coach,https://www.instagram.com/disha_jain6
fitness coach,https://www.instagram.com/sarahjanemce
fitness coach,https://www.instagram.com/hal_holappa
fitness coach,https://www.instagram.com/badminton_fitness
fitness coach,https://www.instagram.com/amine_guechairi
fitness coach,https://www.instagram.com/jamie.morse
fitness coach,https://www.instagram.com/wurci_official_
fitness coach,https://www.instagram.com/unityfit_homefitness
fitness coach,https://www.instagram.com/bevyrogers
fitness coach,https://www.instagram.com/fitandfednow
fitness coach,https://www.instagram.com/hlf_fit_coach_tulsiramdangi
fitness coach,https://www.instagram.com/raw_fitness03
fitness coach,https://www.instagram.com/muktigautam
fitness coach,https://www.instagram.com/uraveragesmallperson_
fitness coach,https://www.instagram.com/ftmithun
fitness coach,https://www.instagram.com/aripetrou
fitness coach,https://www.instagram.com/omiadze_khato
fitness coach,https://www.instagram.com/aditya_s_kasar
fitness coach,https://www.instagram.com/coachginakim
fitness coach,https://www.instagram.com/theshwetab
fitness coach,https://www.instagram.com/pk.fitbae
fitness coach,https://www.instagram.com/lifestyle_with_michelle
fitness coach,https://www.instagram.com/kelllyfrances
fitness coach,https://www.instagram.com/fitness_wth.vijay
fitness coach,https://www.instagram.com/jennard.l
fitness coach,https://www.instagram.com/keithb_fit
fitness coach,https://www.instagram.com/oswald_ossy
fitness coach,https://www.instagram.com/bijayata_simkhada
fitness coach,https://www.instagram.com/aw.uor
fitness coach,https://www.instagram.com/mehdirehane
fitness coach,https://www.instagram.com/quicksessions
fitness coach,https://www.instagram.com/sharonfitnesscoach
fitness coach,https://www.instagram.com/reginagalvann
fitness coach,https://www.instagram.com/anish.sharawat
fitness coach,https://www.instagram.com/nicollemontoya
fitness coach,https://www.instagram.com/sandrabaltatu
fitness coach,https://www.instagram.com/lucky_kismat
personal trainer,https://www.instagram.com/peterkrauswi
personal trainer,https://www.instagram.com/shreen_beyoubefree
personal trainer,https://www.instagram.com/natural_personal_trainer
personal trainer,https://www.instagram.com/trainerlindsay
personal trainer,https://www.instagram.com/1madisonrose.fitness
personal trainer,https://www.instagram.com/thehungrycoach
personal trainer,https://www.instagram.com/yourfuturefit
personal trainer,https://www.instagram.com/alexfine44
personal trainer,https://www.instagram.com/okitsu_personaltrainer
personal trainer,https://www.instagram.com/georgiamareeb
personal trainer,https://www.instagram.com/elliehopleypt
personal trainer,https://www.instagram.com/23toptraining
personal trainer,https://www.instagram.com/carolinescircuits
personal trainer,https://www.instagram.com/nourka96
personal trainer,https://www.instagram.com/austinkoz_
personal trainer,https://www.instagram.com/bigronjones
personal trainer,https://www.instagram.com/michaelulloapt
personal trainer,https://www.instagram.com/aimnutritionconsulting
personal trainer,https://www.instagram.com/paolomascitti
personal trainer,https://www.instagram.com/bengyminpt
personal trainer,https://www.instagram.com/ashtonpienaar
personal trainer,https://www.instagram.com/missmiafit
personal trainer,https://www.instagram.com/lukehayesfitness
personal trainer,https://www.instagram.com/s.tinoco606
personal trainer,https://www.instagram.com/jillianmichaels
personal trainer,https://www.instagram.com/joshua_jones_personal_trainer
personal trainer,https://www.instagram.com/nicole_wise_1
personal trainer,https://www.instagram.com/fitwith_nina
personal trainer,https://www.instagram.com/sveltebrs
personal trainer,https://www.instagram.com/javierbernal_personal_trainer
personal trainer,https://www.instagram.com/anakakfit
personal trainer,https://www.instagram.com/hoianpersonaltrainer
personal trainer,https://www.instagram.com/palmers_pt
personal trainer,https://www.instagram.com/katja.mann.personal.trainer
personal trainer,https://www.instagram.com/mrbobbyrich
personal trainer,https://www.instagram.com/misalainaus
personal trainer,https://www.instagram.com/karina_fit_dxb
personal trainer,https://www.instagram.com/sunnybiggyfitness
personal trainer,https://www.instagram.com/SaraAnnDavis
personal trainer,https://www.instagram.com/caliberry_sweats
personal trainer,https://www.instagram.com/asgharifitness
personal trainer,https://www.instagram.com/sasha_liftsandruns
personal trainer,https://www.instagram.com/vibesfitnessmelbourne
personal trainer,https://www.instagram.com/conorwilliamsfitness
personal trainer,https://www.instagram.com/beatriz_fittness
personal trainer,https://www.instagram.com/caique_personal_trainer
personal trainer,https://www.instagram.com/heavytomodified
personal trainer,https://www.instagram.com/whitmiller1
personal trainer,https://www.instagram.com/jeromehollywoodferguson
personal trainer,https://www.instagram.com/coachandy81kg
personal trainer,https://www.instagram.com/cordeirorodriguesm
personal trainer,https://www.instagram.com/personal_trainer_sander
personal trainer,https://www.instagram.com/si_dale88
personal trainer,https://www.instagram.com/ptsydanmaa
personal trainer,https://www.instagram.com/guh_personal_trainer
personal trainer,https://www.instagram.com/pt_tomas
personal trainer,https://www.instagram.com/pantera.trainer
personal trainer,https://www.instagram.com/kaynanhack
personal trainer,https://www.instagram.com/wlady_personal_trainer
personal trainer,https://www.instagram.com/jessicamadnes
personal trainer,https://www.instagram.com/yoshiflex
personal trainer,https://www.instagram.com/liftwithalix
personal trainer,https://www.instagram.com/michaelbmtrainer
personal trainer,https://www.instagram.com/get.mo.fit
personal trainer,https://www.instagram.com/islathomasfitness
personal trainer,https://www.instagram.com/jpribeiropersonaltrainer
personal trainer,https://www.instagram.com/mic_thetrainer
personal trainer,https://www.instagram.com/morozova_lu
personal trainer,https://www.instagram.com/albertorinaldi_personaltrainer
personal trainer,https://www.instagram.com/oldschool_dan
personal trainer,https://www.instagram.com/daria_trainer_
personal trainer,https://www.instagram.com/sascha_buhl
personal trainer,https://www.instagram.com/jackribeiropersonal
personal trainer,https://www.instagram.com/igmiisu
personal trainer,https://www.instagram.com/_ptmiguelsantos
personal trainer,https://www.instagram.com/mytrainersarah
personal trainer,https://www.instagram.com/dina.dobrofit
personal trainer,https://www.instagram.com/milenaadickel
personal trainer,https://www.instagram.com/joss.bo
personal trainer,https://www.instagram.com/neilanwongtunshane
personal trainer,https://www.instagram.com/yassmintrainer
personal trainer,https://www.instagram.com/giuliaaltemani
personal trainer,https://www.instagram.com/dairo_wada_personal_trainer
personal trainer,https://www.instagram.com/kimharari_
personal trainer,https://www.instagram.com/lrhfit
personal trainer,https://www.instagram.com/pardo_fit27
personal trainer,https://www.instagram.com/greggcook
personal trainer,https://www.instagram.com/hannahluxton_
personal trainer,https://www.instagram.com/richertraining
personal trainer,https://www.instagram.com/nataliapetryy
personal trainer,https://www.instagram.com/samaraquino_personal
personal trainer,https://www.instagram.com/starfitgymmalang
fitness coach,https://www.instagram.com/pinoy_fit
fitness coach,https://www.instagram.com/ocfitnesscoaches
fitness coach,https://www.instagram.com/mariiiagad
fitness coach,https://www.instagram.com/keeganhirst
fitness coach,https://www.instagram.com/TorieLinFitness
fitness coach,https://www.instagram.com/fitnessbyalicia
fitness coach,https://www.instagram.com/coach_sarina
fitness coach,https://www.instagram.com/dynamicfitness_
fitness coach,https://www.instagram.com/caitlinricefit
fitness coach,https://www.instagram.com/hxhails
fitness coach,https://www.instagram.com/coach_ali_fitness
fitness coach,https://www.instagram.com/sarahndorough
fitness coach,https://www.instagram.com/frum.fitness
fitness coach,https://www.instagram.com/jordanmorgan.fitness
fitness coach,https://www.instagram.com/scotthoho
fitness coach,https://www.instagram.com/thesamueljohnston
fitness coach,https://www.instagram.com/strong.with.alex
fitness coach,https://www.instagram.com/get_healthy_with_hemanth
fitness coach,https://www.instagram.com/felinca_muscle
fitness coach,https://www.instagram.com/coachcamcamfit
fitness coach,https://www.instagram.com/quinncidence8
fitness coach,https://www.instagram.com/juliexfit
fitness coach,https://www.instagram.com/anil_fitness_coach
fitness coach,https://www.instagram.com/thetreasureshow
fitness coach,https://www.instagram.com/hxmz_
fitness coach,https://www.instagram.com/iamarmandoalvarez
fitness coach,https://www.instagram.com/jomedd
fitness coach,https://www.instagram.com/happycoachbyaurelie
fitness coach,https://www.instagram.com/michaeldebas
fitness coach,https://www.instagram.com/vwildefitnesscoach
fitness coach,https://www.instagram.com/kaylarogers__
fitness coach,https://www.instagram.com/coach_a.i.harrsha
fitness coach,https://www.instagram.com/coach_albet
fitness coach,https://www.instagram.com/nikki_fitnesscoach
fitness coach,https://www.instagram.com/michaeldean2.0
fitness coach,https://www.instagram.com/ryan_north_fitness
fitness coach,https://www.instagram.com/falconerfitness
fitness coach,https://www.instagram.com/coachpat_ifbbpro
fitness coach,https://www.instagram.com/coach_yass1n
fitness coach,https://www.instagram.com/her_fitness_coach_
fitness coach,https://www.instagram.com/psimmonsfit
fitness coach,https://www.instagram.com/abhimanika
fitness coach,https://www.instagram.com/coachabdulbasith
fitness coach,https://www.instagram.com/actionjacksonfitness
fitness coach,https://www.instagram.com/coachhoda
fitness coach,https://www.instagram.com/sarhyspage
fitness coach,https://www.instagram.com/muscle_mehta
fitness coach,https://www.instagram.com/er_mahonifbbpro
fitness coach,https://www.instagram.com/fitness_coach_rahmat786
fitness coach,https://www.instagram.com/daltonjames15
fitness coach,https://www.instagram.com/manieshabhatotia
fitness coach,https://www.instagram.com/coach_craasch
fitness coach,https://www.instagram.com/fitby.sandi
fitness coach,https://www.instagram.com/coach_chama
fitness coach,https://www.instagram.com/ryan_jourv
fitness coach,https://www.instagram.com/danieldargan
fitness coach,https://www.instagram.com/itscoachdunc
fitness coach,https://www.instagram.com/hopestrengthstudio
fitness coach,https://www.instagram.com/simply.estee
fitness coach,https://www.instagram.com/chrisjyeo
fitness coach,https://www.instagram.com/jackhallowsfitness
fitness coach,https://www.instagram.com/CELAMARR
fitness coach,https://www.instagram.com/dianyterrero
fitness coach,https://www.instagram.com/tanishaliapenheiro
fitness coach,https://www.instagram.com/fitnessuncharted
fitness coach,https://www.instagram.com/sageyfitt
fitness coach,https://www.instagram.com/manuela_tonevaa
fitness coach,https://www.instagram.com/salunkhe.pravin.coach2025
fitness coach,https://www.instagram.com/the_greekbeast
fitness coach,https://www.instagram.com/russ_b1
fitness coach,https://www.instagram.com/realdieal.gainz
fitness coach,https://www.instagram.com/mrjwebber
fitness coach,https://www.instagram.com/fit_with_jeanette
fitness coach,https://www.instagram.com/tyler.sarkisian
fitness coach,https://www.instagram.com/flako954
fitness coach,https://www.instagram.com/nattyuganda
fitness coach,https://www.instagram.com/danieluzuri
fitness coach,https://www.instagram.com/coachdezjasper
fitness coach,https://www.instagram.com/vaughn.strong
fitness coach,https://www.instagram.com/deepak.fitness_coach
fitness coach,https://www.instagram.com/karlamartinezfitnesscoach
fitness coach,https://www.instagram.com/coach_arashi
fitness coach,https://www.instagram.com/coach_amandajane
fitness coach,https://www.instagram.com/kyrieazry
fitness coach,https://www.instagram.com/coach_anthony_fitness
fitness coach,https://www.instagram.com/ali_khan_fitness
fitness coach,https://www.instagram.com/v.perlovaa
fitness coach,https://www.instagram.com/hustle._humble
fitness coach,https://www.instagram.com/gelayolthept
fitness coach,https://www.instagram.com/coachkerry
fitness coach,https://www.instagram.com/davinnnn
fitness coach,https://www.instagram.com/nicofit_uk
fitness coach,https://www.instagram.com/chasdabeast
fitness coach,https://www.instagram.com/adam_kelly_fitness
fitness coach,https://www.instagram.com/coach.house.fitness_
fitness coach,https://www.instagram.com/jjthefitnesscoach
fitness coach,https://www.instagram.com/vincedelmonte
fitness coach,https://www.instagram.com/coachgregfitness
fitness coach,https://www.instagram.com/omarcatalystcoaching
fitness coach,https://www.instagram.com/missfrizzleoffitness
fitness coach,https://www.instagram.com/approvedbybrooks
fitness coach,https://www.instagram.com/cristiaran
fitness coach,https://www.instagram.com/logan_heywood
fitness coach,https://www.instagram.com/coach.frizzle
fitness coach,https://www.instagram.com/cali_physique
fitness coach,https://www.instagram.com/mama.be.fit
fitness coach,https://www.instagram.com/emfurey
fitness coach,https://www.instagram.com/nfitness30
fitness coach,https://www.instagram.com/fitforevaa
fitness coach,https://www.instagram.com/fionasimpson
fitness coach,https://www.instagram.com/deirdre_sfitness
fitness coach,https://www.instagram.com/coachirenee
fitness coach,https://www.instagram.com/hannahroyfit
fitness coach,https://www.instagram.com/onlinejohnny_
fitness coach,https://www.instagram.com/taralaferrara
fitness coach,https://www.instagram.com/rachelcosgrove.co
fitness coach,https://www.instagram.com/jillymcneils
fitness coach,https://www.instagram.com/pre.ethi_shetty
fitness coach,https://www.instagram.com/willnelson_coach_
fitness coach,https://www.instagram.com/darrenliufitness
fitness coach,https://www.instagram.com/fit_talks_byk
fitness coach,https://www.instagram.com/pernllla
fitness coach,https://www.instagram.com/phillysgoodlife
fitness coach,https://www.instagram.com/tmaxbeauchamp
fitness coach,https://www.instagram.com/trizzlemanfitness
fitness coach,https://www.instagram.com/ati_fitness_
fitness coach,https://www.instagram.com/nickdemetriadis
fitness coach,https://www.instagram.com/hellojaneyyy
fitness coach,https://www.instagram.com/mad_katter84
fitness coach,https://www.instagram.com/alexisclairefit
fitness coach,https://www.instagram.com/a.lizzylook
fitness coach,https://www.instagram.com/Robin.h_95
fitness coach,https://www.instagram.com/sandroroman
fitness coach,https://www.instagram.com/sophie_isaacs_uk
fitness coach,https://www.instagram.com/oberhausenjuniors_academy
fitness coach,https://www.instagram.com/sandy.fitness.shero
fitness coach,https://www.instagram.com/rubygrantt
fitness coach,https://www.instagram.com/stayfit.withdaisy
fitness coach,https://www.instagram.com/baranyilaszlo
fitness coach,https://www.instagram.com/ky.swole
fitness coach,https://www.instagram.com/lil_john_09
fitness coach,https://www.instagram.com/coach.nicky180
fitness coach,https://www.instagram.com/pelotonmemes_
fitness coach,https://www.instagram.com/qui2health
fitness coach,https://www.instagram.com/erikadonley
fitness coach,https://www.instagram.com/dajajennings
fitness coach,https://www.instagram.com/ashisharora._
fitness coach,https://www.instagram.com/davidseto
fitness coach,https://www.instagram.com/gen_mccoy
fitness coach,https://www.instagram.com/iamaleksandarilic
fitness coach,https://www.instagram.com/sculptphysique
fitness coach,https://www.instagram.com/alfredvalbuena
fitness coach,https://www.instagram.com/aftannoondelight
fitness coach,https://www.instagram.com/mom_of_fitness
fitness coach,https://www.instagram.com/rochellewilson_
fitness coach,https://www.instagram.com/barbaramcgrath_dfl
fitness coach,https://www.instagram.com/esh_wari
fitness coach,https://www.instagram.com/fitamysuzanne
fitness coach,https://www.instagram.com/radfitnessphilippines
fitness coach,https://www.instagram.com/mxxstone
fitness coach,https://www.instagram.com/vimbalifts
fitness coach,https://www.instagram.com/candicekeene
fitness coach,https://www.instagram.com/mrsmakeup1
fitness coach,https://www.instagram.com/bleutaylorifbbpro
fitness coach,https://www.instagram.com/angel_sanders13
fitness coach,https://www.instagram.com/tasha.denise16
fitness coach,https://www.instagram.com/lycia_calvet
fitness coach,https://www.instagram.com/gabimessiasfit
personal trainer,https://www.instagram.com/kamiloo
personal trainer,https://www.instagram.com/ronipereira_ofc
personal trainer,https://www.instagram.com/iamtiwara
personal trainer,https://www.instagram.com/sabrinasmelko
personal trainer,https://www.instagram.com/nutrition.nicki
personal trainer,https://www.instagram.com/bobby_johnson
personal trainer,https://www.instagram.com/rachwcfitness
personal trainer,https://www.instagram.com/jennacollinsfitness
personal trainer,https://www.instagram.com/mirebout
personal trainer,https://www.instagram.com/claudia_personal_trainer
personal trainer,https://www.instagram.com/miles_schredder
personal trainer,https://www.instagram.com/lucyklemt
personal trainer,https://www.instagram.com/fabre.personal.trainer
personal trainer,https://www.instagram.com/fitbudd.app
personal trainer,https://www.instagram.com/katy_pull
personal trainer,https://www.instagram.com/cbrookypt
personal trainer,https://www.instagram.com/evarende
personal trainer,https://www.instagram.com/coach.nan
personal trainer,https://www.instagram.com/nikkigets_fit
personal trainer,https://www.instagram.com/mrcalliet
personal trainer,https://www.instagram.com/gauravmolri
personal trainer,https://www.instagram.com/brodney
personal trainer,https://www.instagram.com/ellelinton
personal trainer,https://www.instagram.com/cristina__marino
personal trainer,https://www.instagram.com/pakistan_fitnesstrainers
personal trainer,https://www.instagram.com/joeygore1
personal trainer,https://www.instagram.com/francescochiofalo_
personal trainer,https://www.instagram.com/hormozi
personal trainer,https://www.instagram.com/academiaponte
personal trainer,https://www.instagram.com/carolinebeja
personal trainer,https://www.instagram.com/lucie_personal_trainer
personal trainer,https://www.instagram.com/iam24real
